movieId,rating_mean,rating_count
0,2.0,1
1,3.8142857142857145,70
2,3.630434782608696,184
3,3.6974085365853657,656
4,3.378099173553719,242
5,3.7524752475247523,101
6,4.153846153846154,26
7,3.64,25
8,3.6129032258064515,155
9,3.865168539325843,178
10,3.452830188679245,53
11,3.1458333333333335,24
12,3.296195652173913,736
13,3.5594660194174756,412
14,4.596774193548387,31
15,4.2214285714285715,70
16,4.479166666666667,24
17,3.6551724137931036,29
18,3.371657754010695,187
19,3.423580786026201,458
20,4.089743589743589,78
21,4.233009708737864,103
22,4.318181818181818,22
23,4.061994609164421,371
24,4.02,25
25,3.528735632183908,87
26,3.551282051282051,39
27,3.8666666666666667,60
28,4.6938775510204085,49
29,3.3676470588235294,34
30,3.7857142857142856,35
31,2.431077694235589,399
32,3.757575757575758,33
33,4.043478260869565,23
34,3.234375,32
35,3.89,50
36,3.5462962962962963,108
37,4.5,64
38,3.357429718875502,249
39,3.913793103448276,29
40,4.273255813953488,86
41,3.527638190954774,199
42,3.8181818181818183,22
43,3.526190476190476,420
44,4.536363636363636,55
45,3.7954545454545454,44
46,3.796875,160
47,3.585714285714286,70
48,4.08,25
49,4.2,25
50,4.222222222222222,81
51,3.625,20
52,3.689655172413793,29
53,4.62962962962963,27
54,3.814814814814815,27
55,3.92,50
56,3.716666666666667,30
57,3.8267605633802817,355
58,4.423076923076923,104
59,3.389502762430939,362
60,3.56,50
61,3.7070063694267517,314
62,4.012195121951219,205
63,3.825,40
64,4.160377358490566,53
65,4.132352941176471,34
66,3.5949367088607596,79
67,3.1825396825396823,126
68,3.9146341463414633,41
69,3.946308724832215,149
70,3.326530612244898,196
71,4.388888888888889,36
72,3.3321033210332103,813
73,3.5641025641025643,39
74,3.227272727272727,22
75,3.2451612903225806,465
76,4.019230769230769,182
77,3.111111111111111,45
78,4.413043478260869,69
79,3.5454545454545454,22
80,2.518375241779497,517
81,2.8260869565217392,23
82,3.4823529411764707,170
83,3.75,28
84,3.4872611464968153,314
85,3.5441176470588234,68
86,3.9662162162162162,148
87,4.393939393939394,33
88,4.095238095238095,21
89,3.4175531914893615,188
90,3.8484848484848486,33
91,3.6324503311258276,151
92,4.130681818181818,88
93,3.926829268292683,123
94,3.6037735849056602,53
95,3.696759259259259,216
96,4.218181818181818,55
97,3.9402985074626864,67
98,3.9,145
99,3.4375,72
100,3.5081967213114753,61
101,3.512295081967213,122
102,4.106451612903226,155
103,3.6875,32
104,4.732558139534884,43
105,3.2580645161290325,31
106,4.027777777777778,36
107,3.518450184501845,271
108,3.755813953488372,43
109,3.9981132075471697,265
110,4.28125,48
111,4.413043478260869,23
112,3.0225563909774436,133
113,3.530075187969925,133
114,3.437007874015748,127
115,4.137931034482759,29
116,3.75,52
117,4.3584905660377355,53
118,3.189189189189189,37
119,3.2096774193548385,124
120,4.2,640
121,3.25,84
122,2.982456140350877,57
123,3.1015625,128
124,3.4285714285714284,56
125,3.589795918367347,245
126,4.323529411764706,34
127,4.327586206896552,58
128,4.04054054054054,37
129,4.15,20
130,3.380281690140845,71
131,4.024193548387097,62
132,3.3929961089494163,257
133,3.3461538461538463,78
134,3.4477611940298507,67
135,4.4375,32
136,3.5172413793103448,58
137,3.4927536231884058,69
138,3.4767441860465116,43
139,3.4863013698630136,146
140,3.7142857142857144,21
141,3.616279069767442,86
142,3.6927374301675977,179
143,3.6857142857142855,35
144,3.44,100
145,1.4591836734693877,49
146,3.4946236559139785,93
147,3.527638190954774,199
148,4.128787878787879,132
149,3.91025641025641,39
150,4.088235294117647,34
151,3.9642857142857144,70
152,3.2637362637362637,91
153,4.924242424242424,66
154,2.95,60
155,3.7222222222222223,279
156,4.065573770491803,61
157,2.92,25
158,4.0256410256410255,78
159,3.9239130434782608,230
160,3.6927083333333335,96
161,3.235632183908046,87
162,3.405940594059406,101
163,3.6538461538461537,52
164,3.8445945945945947,148
165,3.876923076923077,65
166,3.6677577741407528,611
167,3.877049180327869,122
168,3.40625,32
169,3.5210084033613445,238
170,3.575,20
171,4.219821162444113,671
172,3.776978417266187,139
173,4.523809523809524,21
174,3.543726235741445,263
175,3.3072916666666665,576
176,4.136363636363637,44
177,2.802139037433155,187
178,3.7160493827160495,81
179,3.888888888888889,72
180,4.14,25
181,1.8358895705521472,652
182,3.15,20
183,3.761904761904762,42
184,3.391891891891892,74
185,4.164,125
186,3.953271028037383,107
187,3.8767123287671232,1387
188,2.985611510791367,139
189,3.662037037037037,216
190,3.888888888888889,135
191,3.826923076923077,26
192,3.9,25
193,3.7666666666666666,75
194,2.5476190476190474,21
195,4.05050505050505,99
196,4.074561403508772,114
197,3.5120481927710845,83
198,4.288461538461538,52
199,4.0,85
200,4.3,20
201,3.642384105960265,302
202,3.1041666666666665,48
203,3.6818181818181817,44
204,3.534188034188034,117
205,3.576923076923077,26
206,3.643478260869565,115
207,3.6051136363636362,176
208,4.248175182481752,137
209,4.6063829787234045,47
210,4.5,35
211,4.036082474226804,97
212,3.4504504504504503,111
213,4.02,175
214,3.6285714285714286,35
215,3.0,165
216,3.75,362
217,3.6056511056511056,407
218,4.0859375,64
219,4.470588235294118,34
220,3.7714285714285714,70
221,3.2803030303030303,66
222,3.4545454545454546,33
223,4.015873015873016,63
224,3.725,160
225,2.9150943396226414,53
226,2.5730434782608698,575
227,4.0875,160
228,3.2740384615384617,312
229,3.9782608695652173,92
230,3.2789598108747047,423
231,3.1810344827586206,116
232,3.7083333333333335,24
233,3.914285714285714,70
234,4.008474576271187,59
235,4.291095890410959,146
236,3.5860465116279068,215
237,3.5,70
238,3.918032786885246,61
239,3.8484848484848486,33
240,4.73469387755102,196
241,3.85,20
242,2.853125,160
243,2.787878787878788,660
244,3.3963963963963963,111
245,4.17948717948718,39
246,3.5384615384615383,52
247,3.988372093023256,172
248,3.074074074074074,108
249,4.058035714285714,112
250,4.090909090909091,22
251,3.074712643678161,87
252,3.7685185185185186,54
253,4.0777777777777775,45
254,4.016129032258065,62
255,3.9583333333333335,72
256,3.1826923076923075,208
257,4.379518072289157,83
258,3.716417910447761,67
259,3.8907563025210083,119
260,3.1666666666666665,45
261,3.532258064516129,186
262,3.2131147540983607,61
263,3.1166666666666667,60
264,3.776315789473684,38
265,3.890625,96
266,3.1463414634146343,41
267,3.7479338842975207,121
268,3.9347826086956523,46
269,3.7083333333333335,24
270,4.242424242424242,66
271,3.9224137931034484,58
272,2.6666666666666665,45
273,4.323529411764706,34
274,3.625,20
275,4.993589743589744,78
276,4.1020408163265305,49
277,4.24793388429752,121
278,4.25,136
279,3.7432432432432434,148
280,3.993377483443709,302
281,3.3333333333333335,111
282,4.921875,32
283,4.5,20
284,2.935567010309278,388
285,3.5791433891992552,537
286,3.8333333333333335,24
287,4.103896103896104,77
288,3.6578947368421053,38
289,4.475,20
290,3.13855421686747,83
291,4.25,20
292,4.356687898089172,157
293,3.0357142857142856,28
294,3.4345047923322682,313
295,3.75,36
296,2.8762886597938144,388
297,3.918918918918919,37
298,3.8,20
299,3.9565217391304346,23
300,4.036144578313253,83
301,2.991489361702128,235
302,4.416666666666667,132
303,2.75,42
304,3.5510835913312695,323
305,3.926470588235294,34
306,3.757575757575758,33
307,3.6808510638297873,47
308,4.333333333333333,33
309,3.933333333333333,120
310,3.537037037037037,27
311,3.9166666666666665,24
312,3.7181818181818183,55
313,2.2210884353741496,147
314,3.6041666666666665,48
315,3.9215686274509802,51
316,4.2,40
317,4.016666666666667,30
318,3.6546511627906977,430
319,3.6604938271604937,162
320,3.4430379746835444,79
321,3.139064475347661,791
322,3.411242603550296,338
323,4.18018018018018,111
324,3.7,80
325,3.323809523809524,105
326,4.357142857142857,49
327,5.0,28
328,3.701492537313433,67
329,3.7346938775510203,49
330,3.909090909090909,22
331,3.5454545454545454,55
332,3.23,100
333,3.9153846153846152,130
334,4.609090909090909,55
335,4.25,40
336,3.2419354838709675,31
337,3.8833333333333333,30
338,3.6470588235294117,34
339,4.0,25
340,3.8333333333333335,24
341,2.7560975609756095,41
342,4.183673469387755,49
343,3.794943820224719,178
344,3.125,32
345,3.773529411764706,340
346,3.238095238095238,21
347,3.05607476635514,107
348,4.273584905660377,53
349,3.525,20
350,2.8552631578947367,76
351,4.206896551724138,29
352,3.484848484848485,33
353,3.45,20
354,4.219512195121951,41
355,4.364179104477612,335
356,2.3214285714285716,28
357,3.1297468354430378,632
358,3.4594594594594597,148
359,3.6202898550724636,345
360,3.130952380952381,84
361,4.014285714285714,35
362,3.9909090909090907,55
363,4.095238095238095,21
364,4.096837944664031,253
365,3.525,20
366,3.824561403508772,57
367,4.84,25
368,3.546979865771812,298
369,3.9705882352941178,34
370,3.292105263157895,380
371,4.2727272727272725,132
372,4.035714285714286,28
373,3.7635135135135136,74
374,4.0,75
375,3.6551724137931036,87
376,4.27,50
377,3.107142857142857,28
378,3.2625,120
379,2.813380281690141,284
380,2.5185185185185186,27
381,3.7241379310344827,29
382,4.209302325581396,172
383,3.7,20
384,3.076923076923077,26
385,4.108695652173913,46
386,3.3548387096774195,62
387,3.4545454545454546,88
388,3.8807339449541285,218
389,3.32,25
390,4.126506024096385,83
391,3.9655172413793105,29
392,4.638888888888889,36
393,3.35,20
394,3.6666666666666665,105
395,4.335341365461847,249
396,3.092063492063492,315
397,4.7592592592592595,81
398,3.764705882352941,102
399,3.8350515463917527,97
400,4.473214285714286,112
401,3.3484848484848486,66
402,4.059945504087193,367
403,3.522727272727273,66
404,3.727272727272727,55
405,3.4516129032258065,31
406,3.894463667820069,289
407,3.730337078651685,89
408,3.8461538461538463,195
409,3.6844660194174756,206
410,4.068807339449541,109
411,4.136986301369863,73
412,4.111111111111111,36
413,4.12,50
414,3.8168316831683167,202
415,3.675,20
416,3.395121951219512,205
417,4.0606060606060606,66
418,3.9049295774647885,142
419,3.3728813559322033,59
420,3.761904761904762,84
421,3.6451612903225805,62
422,4.333333333333333,33
423,3.8536585365853657,41
424,4.064814814814815,54
425,4.037037037037037,27
426,2.9955489614243325,1011
427,3.73109243697479,119
428,3.4871794871794872,78
429,4.276315789473684,38
430,3.406779661016949,59
431,2.5033222591362128,602
432,4.448275862068965,29
433,3.4615384615384617,39
434,3.989130434782609,92
435,3.7954545454545454,242
436,3.6792452830188678,53
437,4.082125603864735,207
438,2.9166666666666665,24
439,3.2136563876651985,227
440,3.4741379310344827,522
441,3.578014184397163,141
442,3.433673469387755,98
443,3.737142857142857,175
444,4.4393939393939394,33
445,4.578125,192
446,3.328214971209213,521
447,4.484848484848484,66
448,4.173913043478261,23
449,3.5391061452513966,179
450,2.946291560102302,782
451,4.02,25
452,4.275,20
453,3.7906976744186047,43
454,3.4864864864864864,37
455,3.9518072289156625,83
456,4.538461538461538,65
457,3.409090909090909,22
458,2.9864864864864864,74
459,3.5609756097560976,164
460,4.425187032418953,401
461,3.6285714285714286,70
462,3.4563106796116503,412
463,3.9047619047619047,21
464,3.418181818181818,55
465,3.2063492063492065,63
466,3.414285714285714,35
467,3.425,20
468,3.8910614525139664,179
469,3.2460815047021945,319
470,3.9,20
471,4.051282051282051,39
472,3.519867549668874,302
473,4.222222222222222,27
474,4.7,60
475,4.685483870967742,62
476,2.8043478260869565,23
477,3.7448275862068967,580
478,4.462686567164179,67
479,3.5806451612903225,31
480,4.277777777777778,36
481,3.865625,160
482,3.6056338028169015,71
483,3.450980392156863,51
484,4.2592592592592595,54
485,3.48,50
486,3.5283018867924527,53
487,3.206896551724138,29
488,3.8617021276595747,94
489,4.3569182389937104,318
490,3.4615384615384617,39
491,4.011173184357542,179
492,3.142857142857143,21
493,3.0,39
494,3.2880258899676376,618
495,3.8048780487804876,41
496,3.8870967741935485,31
497,3.5223880597014925,134
498,3.7936507936507935,63
499,2.85,40
500,3.2045454545454546,22
501,3.712686567164179,134
502,3.7037037037037037,54
503,4.166666666666667,69
504,3.688,125
505,4.568181818181818,22
506,3.4318181818181817,44
507,3.757575757575758,33
508,3.32,25
509,3.235294117647059,34
510,4.72,25
511,3.266990291262136,103
512,3.4411764705882355,51
513,4.8979591836734695,49
514,3.6012861736334405,311
515,3.5972222222222223,180
516,3.590909090909091,44
517,3.25,36
518,3.8205128205128207,39
519,3.4558823529411766,646
520,3.6166666666666667,30
521,3.243027888446215,251
522,3.6323529411764706,34
523,4.409756097560976,205
524,3.95,20
525,3.24,25
526,2.937777777777778,225
527,3.049738219895288,191
528,3.217391304347826,69
529,3.76,25
530,3.6176470588235294,34
531,3.731707317073171,82
532,4.0,51
533,3.6,25
534,3.5,62
535,4.0701754385964914,57
536,3.675675675675676,37
537,4.4,30
538,4.206896551724138,203
539,4.361111111111111,36
540,4.5,30
541,4.217563989408649,1133
542,3.6085714285714285,175
543,3.54,50
544,3.199261992619926,271
545,3.540983606557377,61
546,4.551724137931035,29
547,3.7966101694915255,118
548,3.24252801992528,3212
549,3.425925925925926,54
550,3.918067226890756,238
551,3.4590443686006824,293
552,3.7183098591549295,71
553,3.772727272727273,22
554,3.4469026548672566,113
555,3.65,20
556,4.522222222222222,45
557,3.5625,48
558,4.395348837209302,43
559,4.017857142857143,56
560,4.127450980392157,102
561,3.865,400
562,3.896551724137931,29
563,3.152173913043478,92
564,3.8181818181818183,44
565,3.2705882352941176,255
566,3.558922558922559,297
567,3.9895833333333335,480
568,2.9038461538461537,52
569,3.806451612903226,31
570,3.6607142857142856,56
571,4.213235294117647,68
572,3.9528795811518322,573
573,4.333333333333333,24
574,3.5,22
575,3.594240837696335,191
576,3.4925373134328357,67
577,4.0,44
578,4.012820512820513,78
579,3.913793103448276,29
580,3.8732394366197185,71
581,3.343601895734597,211
582,3.8214285714285716,28
583,4.107954545454546,88
584,3.302325581395349,43
585,3.9310344827586206,29
586,3.7,20
587,3.763843648208469,307
588,3.0595238095238093,84
589,3.717391304347826,23
590,3.0425531914893615,47
591,3.7019867549668874,151
592,3.328185328185328,259
593,4.277777777777778,27
594,3.607142857142857,56
595,4.390625,32
596,3.6153846153846154,52
597,3.6268248175182483,548
598,2.863777089783282,323
599,3.6707317073170733,82
600,3.278688524590164,61
601,3.7615384615384615,130
602,4.5,20
603,3.1904761904761907,21
604,3.6666666666666665,27
605,3.4011627906976742,86
606,4.156283566058002,931
607,3.8820224719101124,178
608,3.588785046728972,321
609,3.3684210526315788,57
610,3.2072538860103625,193
611,3.9056603773584904,212
612,3.3380281690140845,71
613,3.4441489361702127,188
614,3.857142857142857,28
615,3.202127659574468,47
616,3.44,25
617,4.112676056338028,71
618,4.1625,40
619,3.1822222222222223,225
620,4.953488372093023,43
621,2.84,25
622,3.764705882352941,34
623,3.4901960784313726,51
624,3.139130434782609,115
625,3.9607843137254903,51
626,3.3220338983050848,1888
627,3.953488372093023,43
628,3.2235421166306697,463
629,3.9047619047619047,21
630,3.139367816091954,348
631,3.8372093023255816,43
632,3.6619047619047618,105
633,4.67741935483871,31
634,2.7260273972602738,73
635,4.418367346938775,49
636,3.5357142857142856,84
637,3.6538461538461537,26
638,4.107142857142857,28
639,3.4415584415584415,154
640,3.5,30
641,3.690909090909091,165
642,3.51779359430605,281
643,3.727272727272727,22
644,3.611111111111111,36
645,3.0697674418604652,43
646,2.8452380952380953,42
647,3.348265895953757,346
648,2.493411420204978,683
649,3.8867924528301887,318
650,4.22463768115942,69
651,3.076923076923077,26
652,4.254545454545455,110
653,3.827996340347667,1093
654,3.526315789473684,38
655,3.7435897435897436,39
656,3.7333333333333334,30
657,4.166666666666667,75
658,3.881188118811881,101
659,3.625,40
660,3.8333333333333335,39
661,4.228260869565218,46
662,4.3076923076923075,26
663,2.9368421052631577,95
664,3.925925925925926,27
665,3.8488372093023258,86
666,3.9,60
667,3.840909090909091,22
668,3.6785714285714284,28
669,3.450980392156863,51
670,3.787037037037037,54
671,3.723684210526316,76
672,3.6986301369863015,73
673,3.793103448275862,29
674,3.453125,64
675,3.8255813953488373,129
676,4.01304347826087,230
677,3.3465346534653464,101
678,3.6136363636363638,22
679,3.5517241379310347,58
680,3.5142857142857142,70
681,3.68,25
682,4.529411764705882,34
683,3.6363636363636362,22
684,4.354166666666667,24
685,3.2195121951219514,41
686,3.7884615384615383,156
687,4.161764705882353,34
688,3.257142857142857,35
689,3.3979591836734695,49
690,4.110429447852761,163
691,4.333333333333333,57
692,3.6470588235294117,51
693,4.032258064516129,31
694,3.5420673076923075,416
695,2.941028858218319,797
696,4.184210526315789,76
697,3.0049019607843137,204
698,3.3299319727891157,147
699,3.6794871794871793,39
700,3.8238993710691824,159
701,3.7857142857142856,35
702,4.171487603305785,242
703,3.7758620689655173,58
704,4.96875,48
705,3.3098739495798317,476
706,2.524193548387097,62
707,3.283168316831683,505
708,3.1774193548387095,62
709,4.131914893617021,470
710,3.6372549019607843,51
711,3.3,40
712,3.982587064676617,201
713,4.480916030534351,131
714,3.779552715654952,313
715,3.690909090909091,55
716,3.973684210526316,38
717,4.35,40
718,3.8828125,128
719,4.28421052631579,95
720,3.8653846153846154,52
721,2.9836065573770494,61
722,4.155882352941177,170
723,3.5755395683453237,139
724,3.48,25
725,3.970149253731343,67
726,3.515151515151515,33
727,3.988826815642458,179
728,2.9047619047619047,21
729,4.234375,32
730,3.75,48
731,2.941860465116279,86
732,3.355769230769231,104
733,3.590909090909091,22
734,3.3325,400
735,3.7736842105263158,95
736,3.485074626865672,201
737,4.298076923076923,52
738,3.116279069767442,301
739,2.8229166666666665,96
740,3.401123595505618,445
741,4.1908831908831905,351
742,3.269230769230769,26
743,3.78125,48
744,3.712121212121212,66
745,3.696969696969697,33
746,3.9166666666666665,36
747,4.613636363636363,44
748,3.4347826086956523,138
749,4.027397260273973,73
750,4.05,50
751,3.869565217391304,161
752,3.35,120
753,3.55,20
754,3.763157894736842,38
755,4.053921568627451,102
756,3.5288683602771362,433
757,3.622140221402214,1355
758,4.225,20
759,3.8541666666666665,24
760,3.3404255319148937,47
761,3.9594594594594597,37
762,3.838709677419355,31
763,4.268656716417911,67
764,4.037735849056604,53
765,3.8896103896103895,154
766,4.275,40
767,3.236559139784946,93
768,3.412121212121212,330
769,2.526315789473684,38
770,3.494565217391304,184
771,3.309090909090909,110
772,3.1367521367521367,351
773,4.2,30
774,2.9732142857142856,56
775,3.428205128205128,195
776,3.575,20
777,4.945945945945946,37
778,3.0833333333333335,24
779,4.193548387096774,62
780,3.9927536231884058,69
781,2.9625,40
782,3.1904761904761907,21
783,4.028846153846154,52
784,4.5,24
785,3.981366459627329,161
786,4.310483870967742,124
787,3.6483870967741936,155
788,4.416666666666667,60
789,3.8229166666666665,48
790,4.32,50
791,4.516129032258065,31
792,3.7468354430379747,79
793,3.9479553903345725,269
794,4.007142857142857,70
795,3.811224489795918,294
796,3.9583333333333335,24
797,3.8933823529411766,136
798,4.1676829268292686,164
799,3.5714285714285716,63
800,3.857142857142857,49
801,3.4023668639053253,676
802,4.0,40
803,3.5291601866251945,1286
804,4.8,35
805,4.288770053475936,561
806,3.0,32
807,4.178571428571429,70
808,3.7264150943396226,53
809,3.55,20
810,3.0931174089068825,247
811,4.5,22
812,4.2073170731707314,41
813,4.0,29
814,4.4423076923076925,26
815,3.97192513368984,374
816,2.825,20
817,3.425925925925926,54
818,3.5625,32
819,3.391304347826087,69
820,3.8095238095238093,21
821,4.1201923076923075,208
822,3.0413793103448277,145
823,3.04040404040404,99
824,4.072727272727272,55
825,3.8375,40
826,3.412280701754386,114
827,3.640625,32
828,3.3901639344262295,610
829,2.942857142857143,105
830,3.4791666666666665,144
831,3.48,25
832,3.5657370517928286,251
833,3.4778481012658227,158
834,3.4925373134328357,67
835,3.0425531914893615,47
836,3.7768595041322315,363
837,3.2083333333333335,204
838,3.5,24
839,3.911764705882353,34
840,2.937062937062937,143
841,3.9583333333333335,48
842,3.466666666666667,60
843,3.4482758620689653,29
844,4.25,276
845,3.630434782608696,92
846,2.591417910447761,1072
847,3.47277397260274,2920
848,3.1987281399046106,629
849,3.8450704225352115,71
850,4.181818181818182,22
851,3.5076923076923077,65
852,4.275,20
853,3.4358974358974357,39
854,3.01,100
855,4.317647058823529,85
856,4.872093023255814,43
857,3.6578947368421053,228
858,3.1203866432337435,569
859,3.980473372781065,845
860,2.623,1000
861,2.996415770609319,279
862,4.0125,40
863,4.333333333333333,33
864,3.135593220338983,236
865,4.661731207289294,439
866,3.5632183908045976,87
867,3.9375,24
868,3.6517857142857144,56
869,3.35,20
870,3.7903225806451615,62
871,3.6625172890733055,723
872,3.4858490566037736,212
873,4.0,40
874,3.9615384615384617,26
875,3.5493562231759657,233
876,3.3131443298969074,388
877,3.3174603174603177,126
878,3.0217391304347827,23
879,4.4655172413793105,87
880,4.027777777777778,36
881,4.25,28
882,3.888888888888889,54
883,3.6,35
884,3.5454545454545454,22
885,3.409090909090909,22
886,3.936619718309859,213
887,4.071428571428571,42
888,2.9902912621359223,103
889,4.033333333333333,30
890,4.291666666666667,24
891,3.196103896103896,385
892,3.161676646706587,167
893,3.8684210526315788,38
894,2.771505376344086,372
895,3.9411764705882355,68
896,3.2903645833333335,384
897,3.3761061946902653,113
898,3.7672413793103448,58
899,3.3702290076335877,131
900,3.4466019417475726,103
901,3.3786316776007497,1067
902,3.7783882783882783,273
903,3.739130434782609,69
904,4.292207792207792,539
905,4.321243523316062,193
906,4.278,250
907,3.45,60
908,2.6,25
909,3.861271676300578,173
910,3.7316017316017316,231
911,3.8068181818181817,88
912,3.6301020408163267,196
913,3.8425925925925926,54
914,3.6666666666666665,24
915,4.238095238095238,42
916,4.0344827586206895,58
917,3.303964757709251,227
918,3.9655172413793105,29
919,4.215396578538103,643
920,2.7126436781609193,174
921,3.1666666666666665,21
922,3.608108108108108,74
923,4.068965517241379,29
924,3.2041237113402063,485
925,3.753623188405797,138
926,3.328125,64
927,3.86741214057508,626
928,4.2105263157894735,38
929,4.4772727272727275,22
930,2.9672131147540983,61
931,3.90625,32
932,3.5344827586206895,29
933,3.5436893203883497,103
934,3.75,36
935,4.273408239700374,267
936,4.125,48
937,3.375,20
938,3.9217391304347826,115
939,3.9145496535796767,866
940,3.125,24
941,4.238095238095238,21
942,3.221052631578947,190
943,3.668918918918919,74
944,3.3005390835579513,371
945,3.3636363636363638,22
946,3.0869565217391304,23
947,3.73224043715847,549
948,4.296636085626911,327
949,4.107142857142857,28
950,3.782608695652174,23
951,3.576,125
952,4.3254716981132075,106
953,3.411290322580645,62
954,3.7432432432432434,37
955,4.072033898305085,118
956,4.35632183908046,87
957,3.6904761904761907,42
958,3.634831460674157,178
959,3.933333333333333,75
960,2.7442922374429224,438
961,3.581081081081081,148
962,4.198717948717949,78
963,3.9166666666666665,72
964,3.707920792079208,202
965,3.0808823529411766,68
966,2.966292134831461,178
967,3.7338935574229692,357
968,3.419191919191919,297
969,3.4285714285714284,42
970,3.891304347826087,23
971,3.1136363636363638,22
972,4.06,50
973,3.6350710900473935,211
974,3.341666666666667,120
975,3.9140625,64
976,3.78125,32
977,3.9833333333333334,30
978,3.452054794520548,73
979,3.703125,128
980,4.266666666666667,60
981,3.607142857142857,70
982,4.18,50
983,3.0626168224299066,1070
984,3.490322580645161,155
985,3.54320987654321,81
986,1.982905982905983,351
987,3.9744897959183674,98
988,4.117647058823529,85
989,3.909090909090909,22
990,4.846153846153846,26
991,2.6,20
992,3.2096774193548385,124
993,3.5392561983471076,242
994,3.690909090909091,55
995,3.6476683937823835,193
996,3.5657894736842106,76
997,3.2326022775200336,2371
998,3.6,20
999,3.6150306748466257,326
1000,3.5236686390532546,169
1001,3.642857142857143,56
1002,4.0227272727272725,22
1003,2.9,20
1004,4.262820512820513,78
1005,3.4482758620689653,29
1006,4.384615384615385,26
1007,3.925675675675676,148
1008,4.0,54
1009,3.8902439024390243,82
1010,4.629032258064516,93
1011,3.5390173410404624,346
1012,3.276315789473684,152
1013,4.026666666666666,150
1014,3.44273127753304,227
1015,3.0208333333333335,48
1016,3.8653846153846154,26
1017,3.8493150684931505,73
1018,4.0181818181818185,55
1019,3.7967914438502675,187
1020,3.3505747126436782,87
1021,4.144736842105263,76
1022,3.7560975609756095,41
1023,3.9210526315789473,38
1024,3.482142857142857,28
1025,4.254901960784314,51
1026,3.5,80
1027,3.75,20
1028,3.9357142857142855,70
1029,4.214285714285714,21
1030,3.107142857142857,336
1031,3.163265306122449,49
1032,2.90625,48
1033,3.670138888888889,144
1034,4.437037037037037,135
1035,4.304347826086956,23
1036,3.27511961722488,418
1037,4.271929824561403,114
1038,3.3592644978783595,707
1039,4.886363636363637,44
1040,4.10828025477707,157
1041,2.816666666666667,240
1042,3.6898395721925135,187
1043,3.5664335664335662,143
1044,3.4695652173913043,115
1045,3.0652173913043477,23
1046,3.66,50
1047,3.7045454545454546,22
1048,3.532287822878229,542
1049,3.623762376237624,101
1050,3.742857142857143,35
1051,3.93,50
1052,3.414239482200647,309
1053,4.0041322314049586,121
1054,3.880952380952381,21
1055,2.9338235294117645,68
1056,3.282258064516129,62
1057,3.7333333333333334,30
1058,3.519230769230769,52
1059,3.75,66
1060,4.280701754385965,114
1061,3.5,52
1062,3.7679558011049723,181
1063,3.4,20
1064,3.2467532467532467,77
1065,4.100946372239748,317
1066,3.8095238095238093,105
1067,3.460909090909091,550
1068,2.88768115942029,138
1069,3.851063829787234,47
1070,2.847457627118644,59
1071,3.2816593886462884,229
1072,3.71505376344086,93
1073,4.0,21
1074,3.6363636363636362,297
1075,3.302013422818792,149
1076,3.1206896551724137,58
1077,4.35,20
1078,3.4789915966386555,119
1079,3.4864864864864864,37
1080,4.265151515151516,66
1081,3.659090909090909,44
1082,3.2545454545454544,55
1083,3.4324324324324325,111
1084,3.590909090909091,22
1085,3.351063829787234,94
1086,3.171875,32
1087,3.3448275862068964,116
1088,3.9722222222222223,36
1089,3.2065009560229445,523
1090,4.148148148148148,27
1091,3.673076923076923,52
1092,3.573170731707317,82
1093,3.450354609929078,141
1094,4.341463414634147,41
1095,3.0579710144927534,138
1096,4.180327868852459,61
1097,4.126436781609195,87
1098,3.590909090909091,22
1099,4.376923076923077,65
1100,4.0227272727272725,22
1101,3.620646766169154,402
1102,3.4782608695652173,23
1103,3.547231270358306,307
1104,4.475,20
1105,3.3958333333333335,72
1106,3.3947368421052633,95
1107,3.570815450643777,233
1108,4.205882352941177,34
1109,3.6578947368421053,38
1110,3.2,20
1111,4.146341463414634,41
1112,3.4029850746268657,67
1113,3.4,20
1114,3.3854166666666665,96
1115,3.147909967845659,311
1116,3.5254237288135593,59
1117,4.183333333333334,30
1118,3.8161290322580643,155
1119,3.96875,32
1120,3.8620689655172415,29
1121,3.8675213675213675,117
1122,3.8577235772357725,123
1123,3.6244239631336406,434
1124,4.283185840707965,113
1125,3.0,26
1126,3.65,80
1127,3.557377049180328,122
1128,2.6692708333333335,192
1129,3.6486486486486487,37
1130,3.6176470588235294,51
1131,4.23,100
1132,3.715909090909091,88
1133,3.661764705882353,136
1134,4.1875,40
1135,3.4782608695652173,23
1136,3.1794871794871793,39
1137,2.671232876712329,438
1138,4.170212765957447,47
1139,4.074712643678161,87
1140,3.635258358662614,329
1141,4.311538461538461,130
1142,3.5625,32
1143,3.5306122448979593,49
1144,3.391304347826087,23
1145,2.7666666666666666,30
1146,4.059139784946237,558
1147,3.811320754716981,53
1148,3.847826086956522,230
1149,3.9670886075949365,395
1150,4.0,258
1151,4.22,50
1152,4.081081081081081,37
1153,3.4393939393939394,33
1154,3.9583333333333335,72
1155,3.1456953642384105,151
1156,4.019607843137255,255
1157,2.9689922480620154,387
1158,3.490740740740741,54
1159,3.7471264367816093,87
1160,3.7419354838709675,124
1161,4.704545454545454,44
1162,3.7222222222222223,72
1163,3.6363636363636362,165
1164,3.130434782608696,46
1165,4.151785714285714,56
1166,4.117088607594937,158
1167,4.754545454545455,165
1168,3.66701244813278,482
1169,3.925925925925926,27
1170,3.793103448275862,29
1171,3.706896551724138,290
1172,4.431034482758621,29
1173,2.6503340757238307,449
1174,4.523255813953488,43
1175,1.7261146496815287,157
1176,3.90625,96
1177,3.6834170854271355,199
1178,3.7435897435897436,117
1179,3.933333333333333,45
1180,3.7209302325581395,43
1181,4.038461538461538,26
1182,4.413793103448276,29
1183,4.129032258064516,31
1184,3.2977099236641223,393
1185,3.8969072164948453,97
1186,3.782608695652174,161
1187,2.977551020408163,245
1188,3.033333333333333,75
1189,3.803956834532374,278
1190,3.919642857142857,168
1191,4.519230769230769,26
1192,4.28021978021978,182
1193,3.9310344827586206,29
1194,3.654450261780105,191
1195,3.9642857142857144,28
1196,3.688,125
1197,3.7196261682242993,107
1198,3.6547619047619047,168
1199,4.0,36
1200,3.8484848484848486,33
1201,4.275,100
1202,3.868231046931408,277
1203,3.279176201372998,1311
1204,4.064516129032258,31
1205,3.864864864864865,37
1206,4.590909090909091,22
1207,3.0782608695652174,115
1208,3.3445229681978796,283
1209,2.66403162055336,253
1210,3.7719298245614037,57
1211,2.7580645161290325,31
1212,3.9404761904761907,42
1213,3.606060606060606,33
1214,3.7583081570996977,331
1215,3.4285714285714284,28
1216,3.4130434782608696,23
1217,3.4,25
1218,3.5714285714285716,35
1219,3.579505300353357,283
1220,3.9591836734693877,196
1221,3.9076923076923076,65
1222,3.6846153846153844,390
1223,3.953191489361702,235
1224,3.7262773722627736,274
1225,3.95,20
1226,4.07051282051282,78
1227,2.8333333333333335,30
1228,3.4662162162162162,1258
1229,3.8368794326241136,141
1230,3.878205128205128,156
1231,3.338709677419355,31
1232,3.75,418
1233,3.372093023255814,43
1234,3.8526315789473684,95
1235,3.6779661016949152,59
1236,3.16,25
1237,3.48,25
1238,4.4366666666666665,150
1239,4.344827586206897,174
1240,3.5714285714285716,35
1241,4.286324786324786,117
1242,3.9684684684684686,444
1243,2.7315608919382504,583
1244,3.619047619047619,84
1245,3.72972972972973,37
1246,3.488888888888889,45
1247,3.48728813559322,236
1248,3.1363636363636362,22
1249,2.7058823529411766,68
1250,4.090909090909091,33
1251,2.5,20
1252,3.490740740740741,108
1253,4.203703703703703,108
1254,3.3816901408450706,355
1255,3.3555555555555556,45
1256,3.706896551724138,29
1257,3.272727272727273,22
1258,4.15625,32
1259,3.733128834355828,163
1260,3.3721973094170403,223
1261,4.206896551724138,58
1262,3.9012345679012346,81
1263,3.580246913580247,162
1264,4.095238095238095,42
1265,3.6187845303867405,181
1266,3.4791666666666665,24
1267,1.875,20
1268,4.403225806451613,31
1269,3.464788732394366,71
1270,3.8392857142857144,28
1271,3.3333333333333335,60
1272,4.22972972972973,37
1273,3.516260162601626,492
1274,3.767857142857143,28
1275,4.1692307692307695,65
1276,4.083333333333333,54
1277,3.8820960698689957,229
1278,3.4519774011299433,177
1279,3.576923076923077,39
1280,4.084158415841584,101
1281,2.552216748768473,1015
1282,3.8705882352941177,85
1283,3.9491525423728815,118
1284,3.5806451612903225,31
1285,4.590909090909091,22
1286,3.6052631578947367,38
1287,4.085714285714285,70
1288,3.6663405088062624,511
1289,3.7826633165829144,398
1290,3.7266949152542375,236
1291,2.5555555555555554,27
1292,3.5555555555555554,72
1293,3.619047619047619,42
1294,3.6627906976744184,43
1295,3.5980392156862746,204
1296,4.331325301204819,83
1297,3.9558823529411766,136
1298,3.76036866359447,217
1299,4.181818181818182,33
1300,3.3703703703703702,54
1301,2.9457831325301207,166
1302,3.475,20
1303,3.113861386138614,101
1304,4.53125,128
1305,3.6802413273001506,663
1306,3.619047619047619,21
1307,3.7627906976744185,430
1308,3.981818181818182,55
1309,4.838709677419355,31
1310,3.4761904761904763,21
1311,3.88659793814433,194
1312,3.806122448979592,49
1313,4.019047619047619,105
1314,3.5,100
1315,3.865168539325843,89
1316,4.295857988165681,169
1317,3.302325581395349,43
1318,3.861111111111111,36
1319,4.084795321637427,342
1320,3.581818181818182,55
1321,4.091911764705882,136
1322,4.14,50
1323,2.9456521739130435,46
1324,3.0555555555555554,108
1325,3.0,51
1326,3.130952380952381,42
1327,3.86,50
1328,3.9464285714285716,112
1329,3.596045197740113,354
1330,3.690265486725664,226
1331,3.6867469879518073,83
1332,3.56,25
1333,3.372549019607843,51
1334,3.0049019607843137,204
1335,3.863888888888889,180
1336,3.911242603550296,169
1337,3.5912280701754384,285
1338,3.071138211382114,246
1339,3.4328358208955225,268
1340,3.6055045871559632,109
1341,4.095238095238095,21
1342,3.914102564102564,390
1343,3.4367088607594938,158
1344,4.11353711790393,229
1345,3.736842105263158,38
1346,3.7155172413793105,58
1347,3.2839506172839505,81
1348,3.7058823529411766,51
1349,4.236486486486487,148
1350,4.464788732394366,71
1351,3.763157894736842,76
1352,3.269461077844311,167
1353,3.5106382978723403,47
1354,3.6434426229508197,122
1355,3.628099173553719,121
1356,3.6838235294117645,136
1357,4.404255319148936,47
1358,3.7643504531722054,331
1359,3.5,48
1360,4.134615384615385,26
1361,2.574803149606299,127
1362,3.945337620578778,311
1363,2.9444444444444446,54
1364,3.5833333333333335,30
1365,3.435483870967742,124
1366,4.202479338842975,121
1367,3.2871621621621623,592
1368,3.5476190476190474,42
1369,2.7142857142857144,35
1370,4.2153846153846155,65
1371,3.8916256157635467,203
1372,4.052238805970149,67
1373,3.55,80
1374,3.864864864864865,37
1375,3.4523809523809526,21
1376,4.415254237288136,118
1377,3.4714285714285715,35
1378,4.0,92
1379,3.433333333333333,60
1380,3.975,40
1381,4.1923076923076925,26
1382,2.7789115646258504,294
1383,3.3656716417910446,67
1384,2.1538461538461537,260
1385,3.7346938775510203,49
1386,3.6457286432160805,199
1387,3.49402390438247,251
1388,3.9545454545454546,22
1389,3.5833333333333335,24
1390,3.8,305
1391,3.7613636363636362,88
1392,4.219047619047619,105
1393,3.259259259259259,27
1394,3.090909090909091,22
1395,3.7714285714285714,35
1396,3.90625,48
1397,3.2869565217391306,345
1398,4.452662721893491,169
1399,4.229050279329609,179
1400,4.416129032258064,155
1401,2.7250163291966034,1531
1402,3.5203426124197,467
1403,3.090909090909091,22
1404,2.933774834437086,302
1405,3.67836919592299,883
1406,4.409090909090909,22
1407,3.7109375,128
1408,4.476190476190476,42
1409,3.0436241610738257,745
1410,3.761904761904762,21
1411,3.5286624203821657,157
1412,3.482142857142857,28
1413,3.525,40
1414,3.397196261682243,107
1415,3.3727272727272726,55
1416,3.7058823529411766,204
1417,4.142857142857143,28
1418,3.838709677419355,217
1419,4.404255319148936,47
1420,3.95,20
1421,3.58974358974359,39
1422,4.594594594594595,37
1423,3.975609756097561,41
1424,3.6058823529411765,170
1425,3.8840579710144927,69
1426,3.956140350877193,57
1427,3.9536423841059603,151
1428,3.4148471615720526,458
1429,3.6954022988505746,87
1430,3.7547169811320753,53
1431,3.9565217391304346,46
1432,4.52906976744186,86
1433,4.611111111111111,36
1434,4.0,21
1435,3.1904761904761907,21
1436,3.485148514851485,505
1437,4.0,29
1438,3.807017543859649,57
1439,4.428571428571429,84
1440,3.715,100
1441,3.361111111111111,36
1442,3.6867469879518073,249
1443,3.574626865671642,67
1444,4.219626168224299,107
1445,3.0,20
1446,3.9740259740259742,77
1447,4.20625,80
1448,4.097560975609756,123
1449,4.275,60
1450,4.05,20
1451,4.666666666666667,42
1452,4.085714285714285,70
1453,2.8585858585858586,198
1454,3.3206106870229006,131
1455,4.0,22
1456,4.012953367875648,193
1457,3.2916666666666665,24
1458,4.613636363636363,66
1459,2.8857142857142857,35
1460,4.402777777777778,36
1461,3.4814814814814814,27
1462,3.7857142857142856,21
1463,3.584297520661157,605
1464,3.202020202020202,99
1465,3.278481012658228,79
1466,3.3333333333333335,72
1467,3.6530612244897958,49
1468,3.3789473684210525,95
1469,3.136986301369863,146
1470,3.6063084112149535,428
1471,3.2586206896551726,116
1472,3.7560975609756095,41
1473,4.071428571428571,56
1474,3.3768595041322316,605
1475,3.7209302325581395,258
1476,4.3936170212765955,47
1477,3.641158221302999,967
1478,4.163414634146341,410
1479,3.875,40
1480,2.694938440492476,731
1481,3.11,250
1482,3.337874659400545,367
1483,3.893939393939394,66
1484,1.052934407364787,869
1485,3.5,32
1486,3.3288590604026846,149
1487,3.515625,32
1488,3.4775641025641026,312
1489,3.5375,40
1490,3.7214285714285715,70
1491,3.689873417721519,79
1492,3.4171122994652405,187
1493,3.8125,32
1494,4.482558139534884,172
1495,3.7358490566037736,53
1496,4.046875,32
1497,3.7555555555555555,45
1498,3.305019305019305,259
1499,3.9043478260869566,115
1500,4.181818181818182,22
1501,4.160377358490566,53
1502,4.125,32
1503,2.6334763948497852,1165
1504,4.005208333333333,96
1505,3.257142857142857,35
1506,3.0625,32
1507,3.6262626262626263,198
1508,3.843137254901961,51
1509,4.0,37
1510,3.4871794871794872,39
1511,3.839080459770115,87
1512,4.390243902439025,41
1513,3.705263157894737,285
1514,2.6904761904761907,21
1515,3.88,25
1516,3.8175,200
1517,2.4,20
1518,3.3706896551724137,58
1519,3.2439024390243905,41
1520,4.180635838150289,346
1521,3.7448979591836733,98
1522,3.8048780487804876,41
1523,4.427272727272728,55
1524,3.2746478873239435,71
1525,2.635135135135135,74
1526,2.9033333333333333,300
1527,4.169312169312169,378
1528,3.3055555555555554,36
1529,3.836734693877551,49
1530,4.0,47
1531,4.423076923076923,26
1532,3.1176470588235294,51
1533,4.043026706231454,337
1534,3.5681818181818183,22
1535,3.1992337164750957,261
1536,3.803030303030303,99
1537,3.392156862745098,102
1538,3.5547945205479454,73
1539,2.7948717948717947,39
1540,3.9855072463768115,69
1541,3.509546539379475,419
1542,3.0833333333333335,24
1543,2.845833333333333,240
1544,4.041044776119403,268
1545,4.642857142857143,28
1546,3.7,40
1547,4.241935483870968,31
1548,4.625,32
1549,3.604651162790698,86
1550,3.875,48
1551,3.7037037037037037,189
1552,3.804255319148936,235
1553,4.478599221789883,257
1554,4.0625,112
1555,3.604651162790698,43
1556,3.9619565217391304,184
1557,4.2105263157894735,38
1558,3.857142857142857,98
1559,3.696969696969697,66
1560,4.121212121212121,33
1561,3.512396694214876,121
1562,3.617021276595745,47
1563,3.7142857142857144,28
1564,3.3823529411764706,34
1565,2.875,24
1566,3.731707317073171,41
1567,3.740506329113924,79
1568,3.4166666666666665,24
1569,3.5076923076923077,65
1570,2.8850574712643677,174
1571,4.3,75
1572,3.8369565217391304,92
1573,3.897727272727273,44
1574,3.739130434782609,46
1575,3.4705882352941178,51
1576,3.840909090909091,110
1577,3.892857142857143,42
1578,3.304785894206549,397
1579,3.2808988764044944,89
1580,3.522727272727273,22
1581,3.8796992481203008,133
1582,3.287878787878788,33
1583,3.2104651162790696,430
1584,4.075,40
1585,3.5503432494279177,437
1586,3.911290322580645,62
1587,3.755813953488372,129
1588,3.5825242718446604,206
1589,3.5153256704980844,261
1590,3.5925925925925926,27
1591,4.9423076923076925,26
1592,3.2291666666666665,288
1593,3.980769230769231,78
1594,3.238095238095238,42
1595,4.009009009009009,111
1596,4.5125,40
1597,3.3559322033898304,59
1598,4.303571428571429,56
1599,4.609090909090909,220
1600,3.4107142857142856,56
1601,3.8095238095238093,21
1602,3.0357142857142856,28
1603,3.4074074074074074,27
1604,3.3984018264840183,438
1605,3.9555555555555557,45
1606,3.7053824362606234,353
1607,3.15,80
1608,2.5974025974025974,77
1609,3.852272727272727,352
1610,3.966,500
1611,3.3902439024390243,82
1612,3.212962962962963,972
1613,3.690909090909091,55
1614,3.3262711864406778,118
1615,4.739130434782608,23
1616,2.9414225941422596,239
1617,2.739130434782609,46
1618,4.1201923076923075,104
1619,3.9112676056338027,355
1620,4.2734375,64
1621,3.7777777777777777,54
1622,3.7222222222222223,27
1623,3.05,30
1624,3.4965034965034967,143
1625,3.97,100
1626,3.4288793103448274,232
1627,3.5,30
1628,3.512690355329949,197
1629,3.475,40
1630,3.8875,80
1631,3.5454545454545454,33
1632,4.09375,64
1633,3.3529411764705883,34
1634,3.75,24
1635,4.217391304347826,23
1636,3.5483870967741935,31
1637,2.8737864077669903,103
1638,2.732142857142857,28
1639,3.934640522875817,459
1640,2.892857142857143,84
1641,3.6940298507462686,134
1642,3.935064935064935,154
1643,3.967741935483871,31
1644,2.7440633245382586,379
1645,3.4554455445544554,101
1646,3.0181159420289854,276
1647,4.04424778761062,113
1648,4.2592592592592595,27
1649,3.913793103448276,58
1650,4.4375,120
1651,4.388888888888889,36
1652,3.9311926605504586,1853
1653,4.022388059701493,134
1654,3.396103896103896,154
1655,3.435483870967742,62
1656,3.225,20
1657,3.7733333333333334,75
1658,3.16,25
1659,3.869565217391304,69
1660,3.0483870967741935,31
1661,3.7755905511811023,127
1662,4.175438596491228,57
1663,2.524390243902439,164
1664,2.727272727272727,22
1665,3.32,25
1666,3.8959731543624163,149
1667,3.7037037037037037,27
1668,3.730769230769231,26
1669,3.3220338983050848,59
1670,3.1,20
1671,3.803030303030303,33
1672,3.4806949806949805,259
1673,3.6875,56
1674,4.022012578616352,159
1675,3.6392405063291138,316
1676,3.873931623931624,234
1677,3.3866995073891624,203
1678,3.88265306122449,98
1679,3.786624203821656,157
1680,3.517777777777778,450
1681,3.047244094488189,254
1682,3.7857142857142856,35
1683,4.242857142857143,35
1684,3.1911764705882355,204
1685,3.196078431372549,51
1686,3.0795454545454546,352
1687,3.2,40
1688,3.1614730878186967,353
1689,3.696969696969697,33
1690,3.9,20
1691,3.655241935483871,248
1692,4.0874125874125875,286
1693,3.2686915887850465,214
1694,4.478947368421053,95
1695,3.584592145015106,331
1696,3.901129943502825,354
1697,4.0,100
1698,3.0681818181818183,44
1699,2.963235294117647,68
1700,3.5,20
1701,3.4932432432432434,74
1702,4.1525423728813555,59
1703,2.65,20
1704,3.5103383458646618,532
1705,3.9545454545454546,22
1706,3.507936507936508,63
1707,3.933333333333333,105
1708,4.23943661971831,71
1709,3.670418006430868,311
1710,3.334437086092715,151
1711,3.0865384615384617,312
1712,3.4022556390977443,266
1713,3.4583333333333335,24
1714,4.260273972602739,73
1715,2.95,20
1716,3.4444444444444446,36
1717,3.523510971786834,319
1718,3.4313725490196076,51
1719,3.5,56
1720,4.725,40
1721,3.953333333333333,75
1722,3.966666666666667,420
1723,2.625,32
1724,4.15625,32
1725,3.4450549450549453,91
1726,4.138888888888889,54
1727,3.7962962962962963,108
1728,4.411764705882353,34
1729,3.8860759493670884,158
1730,3.652173913043478,23
1731,4.107784431137724,167
1732,3.8264462809917354,121
1733,4.18,100
1734,3.9863013698630136,73
1735,3.8066298342541436,181
1736,4.106060606060606,165
1737,4.1395348837209305,43
1738,3.762589928057554,139
1739,3.4347826086956523,23
1740,3.0555555555555554,36
1741,3.8055555555555554,36
1742,2.5416666666666665,24
1743,3.6490566037735848,265
1744,3.129032258064516,31
1745,3.3273224043715848,915
1746,4.207112970711297,239
1747,4.102564102564102,39
1748,2.7947071719386156,3193
1749,3.295238095238095,210
1750,3.5161290322580645,31
1751,2.62396694214876,242
1752,3.6774193548387095,31
1753,1.6428571428571428,21
1754,3.2426470588235294,136
1755,3.8493975903614457,83
1756,4.354651162790698,172
1757,3.7735849056603774,53
1758,3.7279411764705883,408
1759,4.164893617021277,188
1760,3.594059405940594,101
1761,2.7525,200
1762,4.133333333333334,30
1763,4.7727272727272725,77
1764,2.9455445544554455,101
1765,4.125581395348838,215
1766,3.037037037037037,27
1767,3.7714285714285714,35
1768,4.136363636363637,22
1769,2.421875,64
1770,3.779342723004695,213
1771,3.630434782608696,23
1772,3.422680412371134,97
1773,3.978102189781022,137
1774,3.4358974358974357,39
1775,3.1186440677966103,118
1776,3.6601941747572817,103
1777,3.851769911504425,226
1778,3.6818181818181817,374
1779,2.9896907216494846,97
1780,4.057142857142857,35
1781,4.315789473684211,76
1782,4.905405405405405,37
1783,4.0,29
1784,1.675,20
1785,3.191780821917808,73
1786,2.888888888888889,27
1787,3.4761904761904763,63
1788,3.4962962962962965,405
1789,4.214285714285714,21
1790,3.49438202247191,89
1791,1.920863309352518,139
1792,4.067415730337078,178
1793,3.4464285714285716,28
1794,4.023809523809524,21
1795,3.7681159420289854,69
1796,4.075757575757576,66
1797,3.0952380952380953,21
1798,3.8645833333333335,96
1799,4.066666666666666,45
1800,3.2477477477477477,222
1801,4.346666666666667,75
1802,3.7708333333333335,24
1803,3.7758620689655173,58
1804,4.666666666666667,24
1805,3.2777777777777777,27
1806,3.3577981651376145,109
1807,2.8422174840085286,469
1808,4.095238095238095,21
1809,3.9583333333333335,24
1810,3.3,20
1811,3.1328125,128
1812,3.7379310344827585,145
1813,3.75,28
1814,3.6875,72
1815,4.516129032258065,62
1816,3.281456953642384,151
1817,3.4285714285714284,28
1818,2.875,20
1819,3.8857142857142857,35
1820,3.5034965034965033,143
1821,4.375,20
1822,3.340634441087613,662
1823,2.959016393442623,122
1824,3.1123595505617976,178
1825,4.160714285714286,28
1826,3.3181818181818183,22
1827,3.3529411764705883,153
1828,3.8583333333333334,120
1829,3.564327485380117,342
1830,3.877551020408163,49
1831,3.8044871794871793,1092
1832,4.0,65
1833,3.7698541329011346,617
1834,3.35,20
1835,3.53757225433526,346
1836,3.641025641025641,39
1837,3.813229571984436,257
1838,3.2824074074074074,216
1839,4.2057142857142855,175
1840,3.7125,160
1841,3.0,20
1842,3.325806451612903,155
1843,3.638047138047138,297
1844,4.0588235294117645,51
1845,3.7674418604651163,86
1846,4.1375,40
1847,3.3502475247524752,404
1848,4.51010101010101,99
1849,3.1805555555555554,72
1850,3.891304347826087,46
1851,4.126666666666667,75
1852,3.9661016949152543,177
1853,3.761904761904762,21
1854,3.6053097345132743,565
1855,3.3970588235294117,306
1856,4.608695652173913,23
1857,3.9490861618798956,383
1858,3.7850467289719627,107
1859,4.195238095238095,105
1860,2.032258064516129,31
1861,4.368421052631579,57
1862,3.725,120
1863,4.071428571428571,28
1864,3.694244604316547,139
1865,3.4766355140186915,107
1866,3.3705293276108725,699
1867,3.3741496598639458,147
1868,4.538461538461538,78
1869,4.610619469026549,452
1870,2.6432098765432097,405
1871,4.086666666666667,150
1872,3.5185185185185186,54
1873,3.3513513513513513,74
1874,3.6206896551724137,29
1875,3.755813953488372,86
1876,3.908536585365854,82
1877,3.903225806451613,31
1878,4.181818181818182,22
1879,4.017543859649122,57
1880,3.3383838383838382,99
1881,4.624,250
1882,4.380952380952381,21
1883,3.452755905511811,381
1884,4.583333333333333,24
1885,4.072916666666667,48
1886,3.802734375,256
1887,4.659722222222222,144
1888,4.137931034482759,29
1889,3.8974358974358974,273
1890,3.7941176470588234,85
1891,4.261627906976744,86
1892,3.74,50
1893,3.292207792207792,77
1894,3.079148936170213,1175
1895,3.6875,24
1896,4.121621621621622,74
1897,3.966666666666667,30
1898,3.275,20
1899,3.2071428571428573,1400
1900,3.308139534883721,86
1901,4.068965517241379,29
1902,4.078313253012048,83
1903,4.225806451612903,31
1904,3.0348837209302326,86
1905,3.345982142857143,224
1906,4.3,70
1907,3.3917910447761193,134
1908,3.781021897810219,137
1909,3.7142857142857144,49
1910,4.0,26
1911,3.952272727272727,220
1912,3.425,20
1913,4.234848484848484,132
1914,3.9375,64
1915,3.702272727272727,220
1916,3.875,116
1917,3.6417910447761193,67
1918,3.8260869565217392,46
1919,3.383720930232558,43
1920,2.8642611683848798,2328
1921,3.1666666666666665,36
1922,4.262658227848101,158
1923,3.6206896551724137,29
1924,2.756218905472637,201
1925,3.3207547169811322,53
1926,3.4875,40
1927,4.3125,32
1928,3.59375,48
1929,4.321428571428571,28
1930,3.1176470588235294,51
1931,4.26,25
1932,3.4388297872340425,188
1933,4.0,20
1934,4.0,101
1935,3.3230174081237913,517
1936,3.5,36
1937,3.875,24
1938,3.55699481865285,193
1939,3.6551724137931036,29
1940,3.4193548387096775,31
1941,4.0131578947368425,38
1942,3.9878048780487805,41
1943,4.020833333333333,96
1944,4.186046511627907,86
1945,3.4597701149425286,174
1946,4.004065040650406,246
1947,4.285714285714286,98
1948,3.943661971830986,142
1949,3.985294117647059,34
1950,3.658385093167702,322
1951,3.84,25
1952,4.136363636363637,22
1953,3.675675675675676,37
1954,2.6507936507936507,126
1955,3.238532110091743,218
1956,3.6531531531531534,333
1957,3.274193548387097,124
1958,3.4140625,64
1959,4.165048543689321,103
1960,3.925287356321839,87
1961,3.6923076923076925,39
1962,3.515151515151515,33
1963,3.61744966442953,298
1964,3.7837837837837838,37
1965,4.028205128205128,195
1966,4.431034482758621,29
1967,3.4619289340101522,197
1968,4.280821917808219,73
1969,3.3,20
1970,3.2586206896551726,58
1971,3.2045454545454546,44
1972,3.960122699386503,163
1973,3.343601895734597,211
1974,4.189365671641791,536
1975,3.6839622641509435,530
1976,3.9285714285714284,28
1977,2.7404299947561617,1907
1978,3.4786324786324787,234
1979,3.9516129032258065,62
1980,3.6704545454545454,44
1981,3.286290322580645,124
1982,3.888888888888889,27
1983,3.0,70
1984,3.8214285714285716,42
1985,3.4285714285714284,77
1986,4.403225806451613,31
1987,3.9558823529411766,170
1988,3.5595238095238093,42
1989,3.052536231884058,276
1990,3.8636363636363638,44
1991,3.6510673234811164,609
1992,4.024390243902439,41
1993,4.421052631578948,38
1994,3.891891891891892,74
1995,3.2970479704797047,271
1996,3.896551724137931,29
1997,3.7803030303030303,66
1998,3.0740072202166067,277
1999,3.269230769230769,26
2000,4.071428571428571,21
2001,2.9761904761904763,105
2002,3.548076923076923,104
2003,3.7222222222222223,1485
2004,3.2540983606557377,610
2005,3.6026315789473684,190
2006,3.2682445759368837,507
2007,3.869565217391304,46
2008,4.326530612244898,49
2009,3.4974874371859297,199
2010,3.9444444444444446,54
2011,2.74,25
2012,3.539576365663322,897
2013,3.6666666666666665,156
2014,3.6136363636363638,44
2015,3.9473684210526314,38
2016,3.2133333333333334,75
2017,4.10126582278481,79
2018,3.1944444444444446,36
2019,3.8636363636363638,44
2020,3.642857142857143,49
2021,4.070234113712375,299
2022,4.029411764705882,34
2023,3.3805309734513274,113
2024,3.4,20
2025,3.547008547008547,351
2026,3.09375,96
2027,3.475,20
2028,3.647727272727273,88
2029,3.5869565217391304,23
2030,4.066666666666666,60
2031,4.197530864197531,162
2032,3.426978417266187,1390
2033,3.268292682926829,41
2034,3.310344827586207,58
2035,3.295238095238095,105
2036,4.090625,160
2037,3.8,20
2038,3.4603174603174605,63
2039,3.708791208791209,91
2040,4.477611940298507,201
2041,3.4545454545454546,22
2042,3.7755102040816326,49
2043,3.5416666666666665,24
2044,4.032258064516129,31
2045,3.736220472440945,127
2046,4.080645161290323,62
2047,3.2142857142857144,28
2048,3.3008849557522124,113
2049,4.407692307692308,65
2050,4.333333333333333,48
2051,4.043478260869565,23
2052,4.4,135
2053,3.4831460674157304,89
2054,3.497051390058972,1187
2055,4.270833333333333,24
2056,3.8484848484848486,33
2057,3.671641791044776,67
2058,3.2675276752767526,813
2059,3.625,24
2060,3.8440860215053765,93
2061,3.135,100
2062,3.5,26
2063,3.769230769230769,39
2064,3.414746543778802,217
2065,3.0961538461538463,52
2066,3.5310077519379846,129
2067,3.5294117647058822,153
2068,3.6666666666666665,81
2069,3.1373390557939915,233
2070,2.325,20
2071,3.3609022556390977,133
2072,3.75,20
2073,3.744186046511628,43
2074,3.858490566037736,53
2075,4.0,32
2076,3.949275362318841,138
2077,3.6280487804878048,82
2078,4.2,20
2079,2.7371134020618557,388
2080,3.2106017191977076,349
2081,3.652173913043478,23
2082,3.350980392156863,510
2083,3.4936708860759493,79
2084,4.111827956989248,465
2085,3.725806451612903,31
2086,3.088235294117647,34
2087,3.8793103448275863,29
2088,3.8,70
2089,3.9680851063829787,47
2090,3.354330708661417,381
2091,3.412280701754386,114
2092,3.691842900302115,331
2093,3.7027027027027026,37
2094,4.404761904761905,21
2095,3.23046875,128
2096,3.8671875,64
2097,3.0952380952380953,63
2098,3.8573232323232323,396
2099,3.901639344262295,61
2100,3.302469135802469,162
2101,4.012820512820513,78
2102,3.8333333333333335,87
2103,3.120879120879121,182
2104,2.3777777777777778,495
2105,3.7635135135135136,148
2106,3.54320987654321,81
2107,4.137254901960785,51
2108,3.208791208791209,182
2109,3.9655172413793105,29
2110,3.2,20
2111,3.203099510603589,613
2112,3.169811320754717,53
2113,3.0921052631578947,76
2114,3.1142857142857143,35
2115,3.789719626168224,107
2116,3.9130434782608696,46
2117,2.68,25
2118,3.2,20
2119,3.9709302325581395,86
2120,4.333333333333333,24
2121,4.157894736842105,76
2122,2.8688524590163933,61
2123,3.3508771929824563,57
2124,3.375,32
2125,3.3727272727272726,110
2126,3.566666666666667,30
2127,4.4393939393939394,33
2128,3.2042801556420235,257
2129,3.5042735042735043,117
2130,3.1621621621621623,37
2131,3.372549019607843,51
2132,3.020979020979021,143
2133,3.4107142857142856,28
2134,3.1095890410958904,146
2135,4.117647058823529,34
2136,4.65,140
2137,3.7755102040816326,147
2138,4.280487804878049,82
2139,3.7241379310344827,29
2140,3.6,100
2141,4.507177033492823,209
2142,3.75,86
2143,3.282608695652174,46
2144,3.648936170212766,376
2145,3.9272727272727272,110
2146,4.31981981981982,111
2147,4.645161290322581,62
2148,4.103448275862069,58
2149,3.590909090909091,22
2150,3.4934210526315788,304
2151,3.22265625,256
2152,3.625,56
2153,3.9151162790697676,430
2154,3.413793103448276,87
2155,3.7027027027027026,37
2156,3.5303030303030303,33
2157,3.5405405405405403,37
2158,4.132142857142857,140
2159,3.4782608695652173,23
2160,3.1923076923076925,26
2161,3.7096069868995634,229
2162,4.517241379310345,29
2163,4.62962962962963,27
2164,4.1520979020979025,286
2165,3.0981432360742707,1508
2166,3.9038461538461537,130
2167,4.739726027397261,73
2168,3.8294117647058825,85
2169,4.071428571428571,98
2170,2.9583333333333335,24
2171,3.73125,160
2172,3.2795454545454548,220
2173,4.05188679245283,106
2174,3.5454545454545454,44
2175,3.0,25
2176,3.5892857142857144,84
2177,3.5049680624556423,4227
2178,4.220588235294118,34
2179,3.8943661971830985,71
2180,4.455882352941177,34
2181,4.3,40
2182,2.4,20
2183,3.3404255319148937,47
2184,4.116666666666666,60
2185,4.446969696969697,66
2186,2.966463414634146,164
2187,3.4482758620689653,29
2188,4.010752688172043,93
2189,3.7113821138211383,123
2190,3.057603686635945,217
2191,4.143939393939394,132
2192,3.51010101010101,198
2193,3.7333333333333334,30
2194,4.728187919463087,149
2195,3.8732394366197185,71
2196,2.7903225806451615,31
2197,3.3529411764705883,34
2198,2.8349514563106797,103
2199,4.008583690987124,233
2200,4.064102564102564,39
2201,4.15,60
2202,3.5357142857142856,56
2203,4.0375,40
2204,3.9857954545454546,176
2205,3.7916666666666665,24
2206,3.3978494623655915,93
2207,3.9479166666666665,192
2208,3.63265306122449,49
2209,4.222222222222222,27
2210,3.901315789473684,228
2211,4.071428571428571,154
2212,4.0,73
2213,3.7983193277310923,357
2214,3.121212121212121,33
2215,3.7410714285714284,112
2216,3.909090909090909,143
2217,3.6375545851528384,458
2218,2.7203947368421053,152
2219,3.5285714285714285,70
2220,4.1,50
2221,3.66,25
2222,2.866421568627451,408
2223,4.068965517241379,232
2224,2.95,40
2225,2.763157894736842,38
2226,3.9197080291970803,137
2227,4.06,25
2228,3.6904761904761907,42
2229,3.8798701298701297,154
2230,3.1866666666666665,75
2231,3.9387254901960786,204
2232,3.9245283018867925,53
2233,4.108108108108108,37
2234,3.8,25
2235,3.7738095238095237,84
2236,3.303738317757009,107
2237,4.034782608695652,115
2238,3.595679012345679,162
2239,3.475,20
2240,3.4266666666666667,75
2241,3.8984375,128
2242,3.8333333333333335,162
2243,3.478723404255319,188
2244,4.1947368421052635,95
2245,4.1419753086419755,81
2246,3.3263157894736843,95
2247,3.5555555555555554,324
2248,3.9135802469135803,81
2249,4.2875,40
2250,3.93,100
2251,3.58974358974359,39
2252,3.3095238095238093,21
2253,3.566666666666667,30
2254,3.8863636363636362,66
2255,3.806451612903226,31
2256,3.022222222222222,45
2257,4.381188118811881,101
2258,4.5608108108108105,74
2259,4.216216216216216,37
2260,3.5434782608695654,46
2261,4.0,41
2262,3.435483870967742,62
2263,3.5125,80
2264,3.274193548387097,124
2265,3.328767123287671,73
2266,3.4983050847457626,295
2267,3.2758620689655173,29
2268,3.75,42
2269,3.857482185273159,421
2270,4.328125,64
2271,3.3233890214797137,419
2272,3.342857142857143,105
2273,3.67578125,128
2274,2.6653846153846152,130
2275,4.0,41
2276,3.4722222222222223,36
2277,3.908805031446541,318
2278,3.7142857142857144,42
2279,3.6666666666666665,21
2280,3.3857142857142857,70
2281,4.328947368421052,38
2282,3.873134328358209,134
2283,3.2142857142857144,21
2284,3.525252525252525,99
2285,4.66,25
2286,4.708333333333333,24
2287,2.858393408856849,971
2288,3.642857142857143,21
2289,3.5424710424710426,259
2290,4.628378378378378,148
2291,3.6416666666666666,120
2292,3.64,50
2293,4.809523809523809,21
2294,3.388,250
2295,4.904255319148936,47
2296,3.4545454545454546,22
2297,4.0,41
2298,4.03470715835141,461
2299,4.640350877192983,57
2300,4.597402597402597,77
2301,4.163265306122449,49
2302,3.4130434782608696,23
2303,3.7045454545454546,22
2304,3.575,20
2305,3.0217391304347827,23
2306,3.3095238095238093,42
2307,3.269230769230769,26
2308,4.0225225225225225,111
2309,3.8472222222222223,72
2310,3.7404580152671754,131
2311,4.4411764705882355,119
2312,3.712962962962963,54
2313,4.379310344827586,116
2314,2.800595238095238,168
2315,3.5181518151815183,303
2316,4.101449275362318,138
2317,3.9342723004694835,213
2318,3.7123893805309733,113
2319,3.7435897435897436,39
2320,4.0,44
2321,3.90625,48
2322,4.2844827586206895,58
2323,4.087719298245614,57
2324,4.316860465116279,172
2325,4.1521739130434785,46
2326,3.8666666666666667,30
2327,3.761904761904762,21
2328,3.525,20
2329,4.119047619047619,21
2330,3.535377358490566,212
2331,3.32,25
2332,3.6426426426426426,333
2333,4.037037037037037,54
2334,3.587962962962963,216
2335,4.111111111111111,288
2336,3.6,30
2337,3.5,146
2338,4.44,25
2339,3.9555555555555557,45
2340,3.923611111111111,72
2341,3.351510067114094,596
2342,4.019108280254777,314
2343,3.5384615384615383,39
2344,2.9667896678966788,271
2345,3.352704678362573,1368
2346,3.84,50
2347,4.388888888888889,36
2348,4.096385542168675,83
2349,3.7184466019417477,103
2350,3.7796610169491527,59
2351,2.8636363636363638,55
2352,4.607142857142857,42
2353,3.278947368421053,190
2354,4.241379310344827,29
2355,3.7531645569620253,79
2356,3.6387434554973823,191
2357,3.861111111111111,36
2358,3.411042944785276,163
2359,4.196296296296296,135
2360,3.9684931506849317,365
2361,3.775,20
2362,4.165957446808511,235
2363,4.091911764705882,136
2364,3.3887711864406778,472
2365,4.205479452054795,73
2366,3.1666666666666665,24
2367,4.277777777777778,36
2368,3.350515463917526,97
2369,3.484848484848485,33
2370,3.8444444444444446,45
2371,3.5,30
2372,4.428571428571429,21
2373,3.801282051282051,78
2374,3.8448275862068964,174
2375,3.1122448979591835,441
2376,4.378378378378378,37
2377,3.8736462093862816,277
2378,3.918032786885246,183
2379,3.047984644913628,521
2380,3.3529411764705883,51
2381,4.194444444444445,36
2382,3.8076923076923075,26
2383,3.6,45
2384,2.782608695652174,23
2385,4.181818181818182,121
2386,3.2857142857142856,21
2387,3.6805555555555554,72
2388,3.717391304347826,46
2389,3.1965566714490676,1394
2390,3.9064039408866993,203
2391,3.564814814814815,108
2392,3.257142857142857,35
2393,3.4690265486725664,113
2394,3.3181818181818183,22
2395,3.564814814814815,54
2396,3.608695652173913,69
2397,4.154320987654321,162
2398,3.6785714285714284,56
2399,3.7386363636363638,44
2400,3.7108262108262107,351
2401,3.828358208955224,134
2402,3.357142857142857,168
2403,3.740490006447453,1551
2404,3.942857142857143,70
2405,4.013888888888889,36
2406,2.756626506024096,415
2407,3.6666666666666665,21
2408,3.85625,80
2409,4.771812080536913,149
2410,3.440119760479042,167
2411,3.6153846153846154,26
2412,3.6645569620253164,79
2413,3.626543209876543,324
2414,3.7966101694915255,59
2415,3.872093023255814,215
2416,3.877551020408163,98
2417,4.4375,24
2418,3.8837890625,512
2419,3.4909326424870466,386
2420,3.240286298568507,489
2421,3.8634146341463413,205
2422,4.048192771084337,83
2423,0.6666666666666666,21
2424,3.8252508361204014,598
2425,3.9871794871794872,117
2426,4.255102040816326,98
2427,4.166666666666667,63
2428,4.378787878787879,165
2429,3.3117932148626816,619
2430,3.5129032258064514,310
2431,3.757575757575758,33
2432,4.142857142857143,21
2433,4.458333333333333,24
2434,3.7333333333333334,30
2435,3.984375,32
2436,2.859375,32
2437,3.3846153846153846,104
2438,4.44,25
2439,3.238095238095238,21
2440,4.064102564102564,78
2441,4.191780821917808,73
2442,4.595238095238095,105
2443,3.954081632653061,98
2444,3.7155025553662693,587
2445,5.0,103
2446,3.2060301507537687,199
2447,3.4878048780487805,41
2448,4.099447513812155,181
2449,3.4927007299270074,274
2450,2.903225806451613,31
2451,3.1100141043723553,709
2452,3.4157894736842107,95
2453,3.495991983967936,499
2454,3.340909090909091,44
2455,3.6470588235294117,102
2456,3.835714285714286,140
2457,3.315352697095436,241
2458,2.4903846153846154,52
2459,3.6705426356589146,129
2460,3.4420560747663553,535
2461,4.507575757575758,66
2462,2.5233333333333334,150
2463,3.4074941451990632,427
2464,3.8461538461538463,858
2465,3.3535714285714286,140
2466,3.2264150943396226,53
2467,3.7,20
2468,3.58974358974359,39
2469,3.5767065446868402,1421
2470,3.6021505376344085,93
2471,4.55,20
2472,3.5294117647058822,51
2473,3.9889012208657046,901
2474,3.3333333333333335,30
2475,2.825,20
2476,3.5269607843137254,204
2477,3.75,20
2478,3.3076923076923075,52
2479,3.859154929577465,142
2480,3.48297213622291,323
2481,4.189655172413793,58
2482,3.6666666666666665,99
2483,3.881720430107527,186
2484,3.8666666666666667,45
2485,3.4038461538461537,52
2486,4.25,26
2487,2.4047619047619047,21
2488,2.8,30
2489,3.691358024691358,81
2490,3.201923076923077,52
2491,3.85,20
2492,3.7730582524271843,412
2493,3.410891089108911,101
2494,3.140625,32
2495,3.5761802575107295,466
2496,3.2366589327146174,431
2497,4.199029126213592,103
2498,3.5060975609756095,82
2499,3.2285714285714286,35
2500,3.46875,448
2501,4.16412213740458,131
2502,4.013333333333334,225
2503,4.409090909090909,132
2504,3.8333333333333335,42
2505,3.7,90
2506,4.456521739130435,23
2507,4.035714285714286,28
2508,3.5531914893617023,47
2509,3.800578034682081,692
2510,3.6892857142857145,140
2511,3.2777777777777777,72
2512,3.744186046511628,43
2513,2.4038461538461537,26
2514,3.541284403669725,109
2515,3.0195121951219512,410
2516,3.193548387096774,62
2517,3.4553191489361703,470
2518,4.5,30
2519,4.180232558139535,86
2520,3.75,20
2521,2.782608695652174,23
2522,2.8620689655172415,29
2523,3.4015748031496065,127
2524,3.182795698924731,93
2525,4.002314814814815,216
2526,3.942857142857143,35
2527,3.9347826086956523,230
2528,4.32,25
2529,3.611111111111111,27
2530,4.4,20
2531,3.6296296296296298,27
2532,3.465909090909091,88
2533,3.658333333333333,60
2534,4.3861386138613865,101
2535,3.4144927536231884,345
2536,2.977029096477795,653
2537,4.195833333333334,120
2538,3.761904761904762,21
2539,3.708677685950413,242
2540,4.073170731707317,41
2541,3.5625,24
2542,3.5,22
2543,3.130434782608696,46
2544,3.6315789473684212,114
2545,3.6144578313253013,83
2546,3.36,25
2547,3.76,25
2548,3.3076923076923075,26
2549,3.9555555555555557,45
2550,3.752,125
2551,3.75,24
2552,2.847457627118644,59
2553,3.6818181818181817,22
2554,4.03030303030303,33
2555,4.416666666666667,36
2556,4.083333333333333,210
2557,3.108695652173913,46
2558,4.103448275862069,58
2559,3.1666666666666665,252
2560,3.849056603773585,106
2561,4.4884615384615385,130
2562,3.840909090909091,44
2563,3.6625,40
2564,3.0874613003095974,646
2565,4.714285714285714,35
2566,4.318181818181818,22
2567,3.768328445747801,341
2568,3.7589285714285716,112
2569,4.1,200
2570,3.8173076923076925,104
2571,3.6987951807228914,83
2572,3.075,20
2573,3.3671171171171173,222
2574,3.22,25
2575,4.304347826086956,23
2576,4.135135135135135,74
2577,4.0,217
2578,3.68,25
2579,3.7567567567567566,37
2580,3.77027027027027,74
2581,3.48975791433892,537
2582,4.082677165354331,127
2583,4.78125,64
2584,3.3529411764705883,34
2585,4.261467889908257,109
2586,4.0,23
2587,4.4605263157894735,38
2588,4.212962962962963,54
2589,4.326086956521739,69
2590,3.0697674418604652,215
2591,4.255,100
2592,3.590909090909091,99
2593,3.011111111111111,45
2594,2.6201923076923075,208
2595,3.4483333333333333,300
2596,3.7341772151898733,158
2597,3.7972972972972974,74
2598,3.120398773006135,652
2599,3.8404255319148937,47
2600,4.045454545454546,44
2601,3.4106382978723406,705
2602,3.856382978723404,94
2603,3.35,20
2604,3.9126984126984126,63
2605,3.5944055944055946,143
2606,4.025,60
2607,3.8292682926829267,41
2608,4.123287671232877,73
2609,3.8563218390804597,87
2610,3.7734375,64
2611,3.5,20
2612,4.041666666666667,24
2613,4.636363636363637,22
2614,3.4193548387096775,31
2615,4.408695652173913,230
2616,3.423963133640553,651
2617,3.935483870967742,124
2618,3.764423076923077,104
2619,4.02,50
2620,3.5727272727272728,220
2621,3.4545454545454546,22
2622,3.443396226415094,53
2623,4.391666666666667,60
2624,3.3732394366197185,71
2625,3.5921052631578947,228
2626,4.13448275862069,145
2627,3.3493150684931505,146
2628,3.5217391304347827,23
2629,3.4983660130718954,306
2630,4.080882352941177,136
2631,3.872340425531915,47
2632,3.34375,64
2633,3.5,20
2634,2.921602787456446,287
2635,3.325,20
2636,3.361111111111111,36
2637,3.1707317073170733,41
2638,3.921673819742489,466
2639,2.8,25
2640,3.531518624641834,349
2641,3.6285714285714286,35
2642,3.662921348314607,89
2643,3.5,26
2644,4.026785714285714,56
2645,3.3515151515151516,165
2646,3.8068493150684932,365
2647,4.03125,32
2648,2.6818181818181817,55
2649,3.2741312741312742,777
2650,3.9464285714285716,168
2651,3.2051282051282053,117
2652,3.4166666666666665,168
2653,2.4781456953642382,755
2654,4.045454545454546,22
2655,3.0,22
2656,4.043478260869565,46
2657,3.4186046511627906,43
2658,3.462162162162162,555
2659,4.0,30
2660,3.8265682656826567,542
2661,3.4423076923076925,26
2662,4.057251908396947,131
2663,3.5694444444444446,72
2664,4.125,48
2665,3.4298245614035086,114
2666,3.7,30
2667,4.3,30
2668,3.4516129032258065,31
2669,2.855694227769111,641
2670,4.931818181818182,22
2671,3.0920245398773005,163
2672,3.8488372093023258,129
2673,3.0952380952380953,63
2674,4.133333333333334,45
2675,5.0,21
2676,3.272727272727273,33
2677,3.120879120879121,91
2678,3.8484848484848486,33
2679,3.1545189504373177,686
2680,4.828947368421052,38
2681,3.1053571428571427,280
2682,3.9257425742574257,101
2683,4.5394736842105265,38
2684,3.652173913043478,23
2685,3.229551451187335,758
2686,4.170212765957447,47
2687,4.45475113122172,221
2688,4.277777777777778,72
2689,4.404761904761905,21
2690,4.488372093023256,129
2691,3.6153846153846154,299
2692,3.7209302325581395,86
2693,3.6666666666666665,21
2694,3.4285714285714284,35
2695,3.3815789473684212,38
2696,2.5952380952380953,21
2697,3.772727272727273,22
2698,3.85,20
2699,3.90625,32
2700,3.7777777777777777,36
2701,4.029940119760479,334
2702,3.4261363636363638,88
2703,3.5671641791044775,67
2704,4.073394495412844,109
2705,4.696428571428571,112
2706,3.4727272727272727,55
2707,3.696969696969697,33
2708,4.214285714285714,21
2709,3.8115384615384613,260
2710,3.435483870967742,31
2711,2.7024793388429753,121
2712,3.775,20
2713,3.6136363636363638,132
2714,4.0,29
2715,3.82648401826484,219
2716,3.0315315315315314,111
2717,4.304347826086956,46
2718,4.101851851851852,270
2719,3.6109643328929986,757
2720,3.5157232704402515,159
2721,3.6607142857142856,28
2722,3.409090909090909,22
2723,3.657142857142857,35
2724,3.774193548387097,31
2725,3.620639534883721,344
2726,4.423076923076923,26
2727,4.383620689655173,116
2728,3.9555555555555557,45
2729,2.909090909090909,22
2730,3.799107142857143,112
2731,3.7282608695652173,322
2732,3.4,20
2733,3.6056338028169015,71
2734,3.410377358490566,212
2735,3.5164835164835164,182
2736,3.9,20
2737,4.9,25
2738,2.868923611111111,576
2739,2.5267857142857144,56
2740,2.9767441860465116,86
2741,2.4081632653061225,49
2742,2.6904761904761907,21
2743,3.926829268292683,82
2744,3.759259259259259,27
2745,4.0,150
2746,4.402061855670103,97
2747,3.0952380952380953,63
2748,4.108695652173913,46
2749,3.7962962962962963,27
2750,2.676470588235294,34
2751,3.51875,80
2752,3.6699029126213594,103
2753,4.090909090909091,22
2754,3.5652173913043477,92
2755,3.7666666666666666,30
2756,4.222222222222222,27
2757,3.5217391304347827,23
2758,3.717391304347826,23
2759,3.4363636363636365,55
2760,3.6956521739130435,322
2761,3.272727272727273,33
2762,4.154088050314465,159
2763,4.173913043478261,115
2764,2.3392857142857144,56
2765,3.3922651933701657,181
2766,4.304936305732484,628
2767,3.2903225806451615,62
2768,3.3969072164948453,97
2769,3.290909090909091,220
2770,3.6666666666666665,54
2771,3.741545893719807,207
2772,3.966666666666667,30
2773,4.137254901960785,51
2774,3.6372549019607843,102
2775,3.396279594137542,1774
2776,4.1923076923076925,52
2777,3.840909090909091,44
2778,3.308561236623068,841
2779,3.57,100
2780,3.2384341637010676,281
2781,3.25,100
2782,4.28,50
2783,3.0253807106598987,197
2784,4.821428571428571,42
2785,3.27027027027027,74
2786,4.051020408163265,147
2787,4.180327868852459,61
2788,3.801980198019802,101
2789,3.3686868686868685,594
2790,3.371212121212121,66
2791,3.32,50
2792,4.333333333333333,21
2793,3.55,40
2794,3.684931506849315,146
2795,3.796875,32
2796,3.574074074074074,54
2797,3.7096774193548385,124
2798,4.56,25
2799,4.079831932773109,119
2800,2.8958333333333335,24
2801,3.3501805054151625,277
2802,4.117021276595745,47
2803,3.823809523809524,210
2804,3.803921568627451,51
2805,3.722543352601156,173
2806,2.8375,560
2807,3.9692307692307693,65
2808,3.5853658536585367,41
2809,4.1692307692307695,65
2810,4.044117647058823,68
2811,3.5120385232744784,623
2812,3.2083333333333335,48
2813,3.2564102564102564,39
2814,3.5194805194805197,77
2815,3.8846153846153846,26
2816,4.34,50
2817,3.3,50
2818,4.016129032258065,279
2819,3.6845238095238093,84
2820,3.6884920634920637,504
2821,4.161971830985915,71
2822,3.4,25
2823,4.15,20
2824,4.2272727272727275,22
2825,3.712121212121212,66
2826,4.25,36
2827,3.592412451361868,514
2828,4.07361963190184,163
2829,4.546296296296297,54
2830,3.4714285714285715,35
2831,3.393939393939394,33
2832,3.176470588235294,102
2833,3.941860465116279,129
2834,3.6660424469413235,801
2835,3.759259259259259,27
2836,3.756521739130435,230
2837,4.345588235294118,68
2838,3.9155405405405403,296
2839,3.8620689655172415,29
2840,4.0,30
2841,3.4186046511627906,344
2842,4.161290322580645,31
2843,3.6578947368421053,38
2844,3.5714285714285716,35
2845,3.0294117647058822,34
2846,4.25,56
2847,4.636206896551724,290
2848,2.847826086956522,92
2849,4.018518518518518,27
2850,3.5073746312684366,339
2851,3.4220779220779223,77
2852,4.0285714285714285,35
2853,4.478260869565218,46
2854,3.463455149501661,301
2855,3.5172413793103448,29
2856,3.5714285714285716,154
2857,4.047029702970297,202
2858,3.904109589041096,73
2859,3.720720720720721,111
2860,3.7281553398058254,103
2861,3.0,83
2862,3.9323308270676693,133
2863,3.35,20
2864,3.9948453608247423,97
2865,3.2199312714776633,291
2866,3.857142857142857,77
2867,4.598039215686274,51
2868,3.2,25
2869,3.7962962962962963,27
2870,3.732142857142857,56
2871,3.1818181818181817,154
2872,3.8066666666666666,225
2873,3.6875,64
2874,3.943396226415094,53
2875,3.5625,48
2876,3.9097222222222223,72
2877,3.54,25
2878,3.583823529411765,680
2879,3.856287425149701,167
2880,2.8636363636363638,22
2881,2.875,28
2882,4.194444444444445,36
2883,3.2656657963446474,766
2884,4.2204724409448815,127
2885,3.520242914979757,247
2886,3.4814814814814814,27
2887,2.6145510835913313,969
2888,3.2888888888888888,45
2889,3.632936507936508,252
2890,3.625,32
2891,3.9761904761904763,21
2892,3.515625,32
2893,2.0454545454545454,22
2894,3.0,48
2895,3.9722222222222223,36
2896,3.4444444444444446,54
2897,2.593220338983051,118
2898,4.051724137931035,58
2899,3.5238095238095237,21
2900,3.890909090909091,55
2901,4.164383561643835,73
2902,4.3076923076923075,52
2903,4.111111111111111,27
2904,3.75,32
2905,3.46,50
2906,2.619047619047619,21
2907,3.6818181818181817,22
2908,3.257142857142857,35
2909,3.5,50
2910,4.4625,40
2911,4.086206896551724,116
2912,3.5416666666666665,24
2913,3.585227272727273,176
2914,3.558139534883721,43
2915,3.2738095238095237,84
2916,3.485576923076923,104
2917,3.9922680412371134,194
2918,3.840909090909091,44
2919,3.9130434782608696,23
2920,4.024390243902439,82
2921,2.375,32
2922,2.962962962962963,27
2923,3.1333333333333333,75
2924,3.9565217391304346,46
2925,3.4193548387096775,31
2926,4.316239316239316,117
2927,3.3333333333333335,24
2928,3.72,25
2929,3.75,56
2930,4.108108108108108,37
2931,3.0,66
2932,3.565771812080537,745
2933,3.4628099173553717,121
2934,3.0495049504950495,101
2935,4.2682926829268295,41
2936,2.82,50
2937,4.2634228187919465,298
2938,3.0490909090909093,1375
2939,2.3917525773195876,97
2940,3.909090909090909,22
2941,3.7666666666666666,30
2942,3.891304347826087,23
2943,4.142857142857143,21
2944,3.9,30
2945,3.759259259259259,27
2946,3.914285714285714,70
2947,3.125,44
2948,4.154545454545454,110
2949,4.867647058823529,34
2950,2.5795454545454546,44
2951,3.139089968976215,967
2952,4.1454545454545455,55
2953,3.077821011673152,257
2954,4.0375,80
2955,4.019083969465649,131
2956,4.409090909090909,44
2957,3.338235294117647,68
2958,3.5245901639344264,61
2959,3.796875,32
2960,3.6506024096385543,83
2961,3.795302013422819,149
2962,3.2846153846153845,585
2963,3.5161290322580645,31
2964,4.208333333333333,24
2965,3.99203187250996,251
2966,3.8160377358490565,106
2967,3.269230769230769,26
2968,4.078571428571428,70
2969,2.98,150
2970,3.2054794520547945,73
2971,3.757575757575758,66
2972,3.727272727272727,44
2973,3.894308943089431,123
2974,3.012455516014235,562
2975,4.193548387096774,155
2976,3.6084656084656084,378
2977,4.484375,32
2978,3.7964601769911503,113
2979,4.05,30
2980,3.75,28
2981,3.6885245901639343,122
2982,3.0483410631466286,2803
2983,2.6,20
2984,4.026595744680851,94
2985,4.32089552238806,67
2986,4.092592592592593,27
2987,4.279411764705882,102
2988,3.926829268292683,41
2989,3.5223880597014925,67
2990,4.121848739495798,238
2991,3.5825242718446604,103
2992,3.7837837837837838,37
2993,4.277777777777778,27
2994,4.5246913580246915,81
2995,4.21875,32
2996,3.669230769230769,65
2997,3.769230769230769,26
2998,3.847826086956522,23
2999,2.822429906542056,107
3000,3.3541666666666665,24
3001,3.6470588235294117,153
3002,4.038461538461538,65
3003,3.1770833333333335,48
3004,3.911764705882353,238
3005,4.2564935064935066,154
3006,3.9936708860759493,79
3007,3.89375,160
3008,2.15,20
3009,3.5470198675496687,755
3010,3.4018789144050103,479
3011,3.7837837837837838,148
3012,3.536184210526316,152
3013,3.1075845012366035,1213
3014,3.8461538461538463,104
3015,3.1403508771929824,57
3016,4.30035335689046,283
3017,3.4,20
3018,3.7804878048780486,82
3019,3.933333333333333,45
3020,3.9473684210526314,76
3021,3.730769230769231,26
3022,3.9473684210526314,247
3023,3.7333333333333334,60
3024,3.2279411764705883,136
3025,4.0,271
3026,3.753623188405797,69
3027,3.0587557603686637,434
3028,4.283216783216783,572
3029,3.206360946745562,676
3030,3.418181818181818,110
3031,3.5454545454545454,22
3032,4.352941176470588,136
3033,4.014285714285714,35
3034,3.0,39
3035,4.0,36
3036,3.262295081967213,61
3037,4.636363636363637,22
3038,3.1739130434782608,69
3039,3.9705882352941178,34
3040,3.735663082437276,558
3041,3.584,125
3042,3.2203389830508473,59
3043,3.966666666666667,30
3044,3.7865853658536586,82
3045,3.15,20
3046,3.364441416893733,734
3047,3.562043795620438,137
3048,4.053763440860215,93
3049,3.6964285714285716,168
3050,4.233333333333333,90
3051,4.025,60
3052,3.326923076923077,52
3053,4.1028708133971294,418
3054,3.94,25
3055,2.223941368078176,614
3056,3.675675675675676,111
3057,3.849056603773585,53
3058,4.322115384615385,104
3059,3.5135135135135136,37
3060,4.525,20
3061,3.7333333333333334,30
3062,3.6835786212238575,1291
3063,3.399209486166008,253
3064,3.6451612903225805,93
3065,3.3509933774834435,151
3066,3.1648936170212765,188
3067,3.484848484848485,33
3068,3.6818181818181817,22
3069,4.25,40
3070,2.2450704225352114,355
3071,3.480769230769231,78
3072,4.031847133757962,157
3073,3.972972972972973,37
3074,3.026315789473684,228
3075,3.5,32
3076,3.9583333333333335,24
3077,4.75,20
3078,3.3793103448275863,145
3079,4.0588235294117645,34
3080,3.4838709677419355,31
3081,3.44,50
3082,3.1538461538461537,26
3083,3.379821958456973,674
3084,3.369565217391304,23
3085,3.6222222222222222,45
3086,4.073170731707317,41
3087,3.7045454545454546,88
3088,3.2589285714285716,56
3089,4.018691588785047,107
3090,3.7540983606557377,61
3091,3.6,20
3092,4.071428571428571,175
3093,4.074324324324325,74
3094,3.7142857142857144,21
3095,3.3870967741935485,31
3096,3.4130434782608696,23
3097,3.689655172413793,29
3098,3.762135922330097,103
3099,3.896551724137931,29
3100,3.663716814159292,113
3101,4.206521739130435,46
3102,4.324324324324325,74
3103,3.8932038834951457,103
3104,3.810344827586207,29
3105,3.2748538011695905,171
3106,3.95,20
3107,3.7241379310344827,58
3108,3.4555555555555557,45
3109,4.385964912280702,57
3110,3.7023809523809526,42
3111,3.185185185185185,27
3112,3.560055865921788,358
3113,4.033980582524272,206
3114,3.2222222222222223,414
3115,3.6774193548387095,155
3116,3.7732558139534884,602
3117,3.8636363636363638,22
3118,3.9285714285714284,28
3119,4.113636363636363,22
3120,3.76271186440678,59
3121,3.6129032258064515,31
3122,3.1346153846153846,26
3123,3.888793103448276,580
3124,4.084745762711864,59
3125,3.89375,80
3126,3.6527777777777777,36
3127,4.1022727272727275,176
3128,3.0373900293255134,1364
3129,3.693877551020408,49
3130,2.814814814814815,27
3131,3.9292929292929295,198
3132,4.225806451612903,62
3133,4.059880239520958,167
3134,2.731958762886598,97
3135,3.314814814814815,81
3136,3.0892857142857144,28
3137,3.7425149700598803,167
3138,3.6222222222222222,90
3139,3.590909090909091,44
3140,3.84,25
3141,3.15,40
3142,3.5429864253393664,442
3143,3.891025641025641,78
3144,3.3875,120
3145,3.473684210526316,38
3146,4.661290322580645,124
3147,4.17948717948718,78
3148,3.5239520958083834,1002
3149,3.96,25
3150,3.18801191362621,2686
3151,3.558139534883721,43
3152,4.36,125
3153,3.217391304347826,23
3154,2.591917591125198,631
3155,3.741573033707865,89
3156,3.5,22
3157,4.74,25
3158,3.4166666666666665,24
3159,3.795918367346939,49
3160,2.84,25
3161,3.566666666666667,30
3162,2.8984375,256
3163,4.0,23
3164,3.7811085972850678,884
3165,3.396551724137931,29
3166,3.50625,80
3167,4.294871794871795,39
3168,3.4054054054054053,37
3169,3.1458333333333335,48
3170,3.8055555555555554,36
3171,3.5348837209302326,86
3172,2.4545454545454546,33
3173,4.555555555555555,72
3174,4.362068965517241,58
3175,3.7375,80
3176,3.798136645962733,322
3177,3.9147286821705425,129
3178,4.081632653061225,49
3179,4.455223880597015,67
3180,2.923780487804878,1148
3181,4.171052631578948,38
3182,3.9430894308943087,369
3183,3.5238095238095237,21
3184,3.8181818181818183,66
3185,4.03030303030303,33
3186,3.1370558375634516,591
3187,4.016129032258065,31
3188,3.3,40
3189,3.393939393939394,33
3190,3.058103975535168,327
3191,3.2857142857142856,63
3192,3.391304347826087,46
3193,2.9166666666666665,24
3194,3.4696969696969697,66
3195,4.785714285714286,21
3196,3.7163120567375887,141
3197,3.7,20
3198,3.9722222222222223,36
3199,3.8214285714285716,28
3200,4.0,23
3201,3.691860465116279,86
3202,4.485714285714286,35
3203,3.409090909090909,22
3204,3.4375,32
3205,3.5714285714285716,21
3206,4.2375,280
3207,3.557142857142857,70
3208,3.4444444444444446,36
3209,3.9583333333333335,24
3210,3.3333333333333335,33
3211,3.1349693251533743,163
3212,3.190954773869347,199
3213,3.227272727272727,33
3214,4.126050420168068,119
3215,3.753968253968254,63
3216,3.7268518518518516,108
3217,4.12,25
3218,3.8733333333333335,225
3219,4.173913043478261,23
3220,3.0,20
3221,3.1641791044776117,67
3222,3.735294117647059,119
3223,3.6153846153846154,169
3224,3.576923076923077,52
3225,2.982318271119843,1018
3226,4.304054054054054,148
3227,3.6875,48
3228,2.6341463414634148,41
3229,3.893939393939394,33
3230,3.0267857142857144,56
3231,3.930131004366812,229
3232,4.138888888888889,36
3233,4.625,24
3234,3.7875,40
3235,3.898026315789474,152
3236,3.366906474820144,139
3237,4.463636363636364,55
3238,3.358361774744027,293
3239,3.5454545454545454,55
3240,3.8255813953488373,43
3241,3.392857142857143,28
3242,3.4775280898876404,89
3243,3.3618090452261304,597
3244,4.666666666666667,150
3245,3.7142857142857144,21
3246,3.8902439024390243,41
3247,3.9081632653061225,49
3248,3.8637640449438204,712
3249,3.4545454545454546,22
3250,2.6857142857142855,385
3251,4.1020408163265305,49
3252,4.445544554455446,101
3253,3.904471544715447,246
3254,3.925,20
3255,3.3740458015267176,262
3256,3.569377990430622,209
3257,3.4324324324324325,111
3258,3.891891891891892,74
3259,2.8482758620689657,435
3260,3.65,100
3261,3.9318181818181817,22
3262,3.911764705882353,68
3263,3.299397590361446,830
3264,3.467948717948718,156
3265,3.7205882352941178,34
3266,3.391647855530474,886
3267,3.6343283582089554,134
3268,3.526315789473684,38
3269,4.730769230769231,26
3270,3.0,33
3271,2.330827067669173,266
3272,3.59037558685446,1278
3273,3.316326530612245,196
3274,4.138353765323993,571
3275,3.813953488372093,129
3276,3.4874213836477987,159
3277,4.046875,32
3278,3.943548387096774,124
3279,3.9046052631578947,760
3280,3.958823529411765,85
3281,4.210884353741497,147
3282,3.823529411764706,34
3283,4.072463768115942,69
3284,3.517543859649123,114
3285,3.739010989010989,182
3286,3.53,50
3287,2.745833333333333,120
3288,3.676190476190476,105
3289,3.892857142857143,28
3290,3.789473684210526,57
3291,3.6019417475728157,103
3292,3.9,20
3293,3.5428571428571427,35
3294,3.0454545454545454,22
3295,3.0684931506849313,146
3296,4.287072243346008,263
3297,3.684684684684685,111
3298,3.411764705882353,34
3299,3.404255319148936,47
3300,4.0344827586206895,29
3301,3.7857142857142856,21
3302,3.6376470588235295,425
3303,2.8157894736842106,38
3304,4.251937984496124,129
3305,2.225,20
3306,3.787878787878788,33
3307,3.267857142857143,56
3308,4.053333333333334,75
3309,3.7051569506726456,446
3310,3.606060606060606,33
3311,2.2767857142857144,224
3312,3.614864864864865,74
3313,3.948717948717949,39
3314,4.005747126436781,87
3315,3.5522388059701493,201
3316,3.7797927461139897,193
3317,4.609375,32
3318,4.0,43
3319,3.857142857142857,49
3320,3.8541666666666665,72
3321,4.392857142857143,28
3322,3.6153846153846154,52
3323,4.0,103
3324,3.774193548387097,31
3325,2.85,20
3326,2.710526315789474,38
3327,2.25,318
3328,4.12,25
3329,3.917933130699088,329
3330,4.3478260869565215,23
3331,2.869565217391304,23
3332,3.8815789473684212,38
3333,3.8,20
3334,3.4782608695652173,23
3335,3.2,130
3336,4.091240875912408,274
3337,3.74025974025974,231
3338,3.3333333333333335,24
3339,3.5681818181818183,110
3340,3.9901960784313726,51
3341,4.0927152317880795,302
3342,4.130434782608695,92
3343,4.157608695652174,92
3344,3.782608695652174,69
3345,3.5,30
3346,3.9298245614035086,57
3347,3.116591928251121,223
3348,3.6153846153846154,26
3349,4.079545454545454,44
3350,4.096774193548387,124
3351,4.014705882352941,34
3352,3.2992700729927007,137
3353,3.7531645569620253,316
3354,3.6216216216216215,37
3355,3.1631944444444446,288
3356,4.0,31
3357,3.6363636363636362,55
3358,3.4814814814814814,27
3359,4.260869565217392,23
3360,3.5754060324825985,431
3361,3.6027397260273974,73
3362,3.4634146341463414,41
3363,3.6222222222222222,45
3364,2.9827586206896552,29
3365,4.58,25
3366,3.5185185185185186,27
3367,3.1868421052631577,190
3368,4.221238938053097,113
3369,3.4171122994652405,374
3370,3.739130434782609,46
3371,3.9362745098039214,102
3372,4.924242424242424,33
3373,4.0,70
3374,3.5749235474006116,327
3375,3.860215053763441,93
3376,3.639705882352941,68
3377,1.9318181818181819,22
3378,3.896551724137931,29
3379,3.897810218978102,137
3380,3.7580645161290325,62
3381,3.283333333333333,30
3382,2.816725978647687,281
3383,3.909090909090909,33
3384,2.8043478260869565,23
3385,3.892857142857143,70
3386,3.72,25
3387,3.6666666666666665,48
3388,3.8863636363636362,66
3389,3.065359477124183,153
3390,3.7714285714285714,35
3391,3.9444444444444446,54
3392,3.674698795180723,83
3393,3.52,25
3394,3.3682279909706545,1772
3395,3.871794871794872,39
3396,3.262948207171315,251
3397,3.2420289855072464,345
3398,3.45,20
3399,3.2285714285714286,35
3400,3.978395061728395,324
3401,3.125,24
3402,4.42,25
3403,4.1020408163265305,931
3404,4.408759124087592,137
3405,4.060975609756097,82
3406,3.875,24
3407,3.2267441860465116,86
3408,3.0689655172413794,58
3409,3.9675,200
3410,3.663157894736842,95
3411,3.0555555555555554,126
3412,4.3474576271186445,59
3413,3.9571428571428573,35
3414,3.6809210526315788,152
3415,3.28,25
3416,3.712121212121212,66
3417,3.588888888888889,90
3418,3.6515151515151514,66
3419,3.1818181818181817,44
3420,3.8076923076923075,26
3421,3.8518518518518516,81
3422,4.217391304347826,23
3423,3.6533333333333333,75
3424,2.8292682926829267,41
3425,4.258426966292135,89
3426,3.9038461538461537,26
3427,4.296,125
3428,3.4054621848739495,238
3429,3.75,40
3430,4.3088235294117645,34
3431,3.5,55
3432,3.3076923076923075,130
3433,3.5689655172413794,29
3434,4.555555555555555,45
3435,2.6481481481481484,27
3436,3.4375,80
3437,4.2682926829268295,41
3438,3.3658536585365852,41
3439,4.130434782608695,23
3440,3.0,38
3441,3.4776119402985075,67
3442,3.5460992907801416,141
3443,3.5503778337531484,397
3444,4.292253521126761,142
3445,3.3442148760330577,1210
3446,3.6747638326585697,741
3447,4.346625766871166,163
3448,3.5111358574610243,449
3449,3.592233009708738,103
3450,4.429133858267717,381
3451,2.1296296296296298,27
3452,3.869565217391304,23
3453,3.523076923076923,65
3454,3.8660714285714284,56
3455,3.857142857142857,42
3456,3.2083333333333335,48
3457,4.372340425531915,47
3458,3.5606060606060606,33
3459,4.0,28
3460,3.6538461538461537,26
3461,3.7411764705882353,85
3462,4.3173076923076925,52
3463,3.1785714285714284,56
3464,3.4545454545454546,110
3465,4.184210526315789,38
3466,3.6774193548387095,31
3467,3.6684491978609626,187
3468,3.922680412371134,194
3469,3.8846153846153846,221
3470,4.035714285714286,28
3471,3.2,25
3472,3.8536585365853657,369
3473,3.25,26
3474,3.377329192546584,322
3475,3.0,35
3476,3.8157894736842106,38
3477,3.0789473684210527,114
3478,4.041666666666667,24
3479,2.7580645161290325,31
3480,3.7130434782608694,230
3481,2.4923076923076923,65
3482,4.113636363636363,44
3483,2.4688090737240076,529
3484,3.7191629955947136,908
3485,3.53099173553719,242
3486,3.3214285714285716,28
3487,3.8518518518518516,54
3488,3.82,25
3489,4.041095890410959,73
3490,3.9297994269340975,349
3491,4.333333333333333,24
3492,3.6160714285714284,56
3493,3.8846153846153846,78
3494,3.5865384615384617,104
3495,3.3676470588235294,34
3496,4.043478260869565,23
3497,3.6939890710382515,366
3498,3.169230769230769,65
3499,3.979591836734694,147
3500,3.888888888888889,27
3501,4.644444444444445,45
3502,3.8,30
3503,3.0194561650257854,2133
3504,3.332075471698113,265
3505,3.1792114695340503,279
3506,2.6176470588235294,34
3507,4.35,80
3508,3.7586206896551726,29
3509,3.890134529147982,223
3510,3.691780821917808,73
3511,4.0131578947368425,152
3512,3.540983606557377,61
3513,2.7992700729927007,137
3514,3.673076923076923,104
3515,3.6616379310344827,232
3516,3.0286458333333335,384
3517,3.574914383561644,1168
3518,3.69672131147541,122
3519,3.763157894736842,38
3520,4.454545454545454,33
3521,3.4166666666666665,24
3522,3.5864197530864197,243
3523,2.8392857142857144,28
3524,5.0,29
3525,3.683937823834197,193
3526,4.018018018018018,111
3527,3.7474747474747474,99
3528,3.6666666666666665,84
3529,4.62,25
3530,3.305084745762712,59
3531,3.493150684931507,73
3532,3.609090909090909,495
3533,4.333333333333333,21
3534,3.727272727272727,44
3535,3.685185185185185,54
3536,3.900900900900901,111
3537,3.9705882352941178,289
3538,3.9634146341463414,82
3539,3.8548387096774195,31
3540,3.5384615384615383,39
3541,3.4356846473029043,241
3542,3.0434782608695654,115
3543,3.7222222222222223,54
3544,4.090909090909091,44
3545,2.285096153846154,1040
3546,4.32579185520362,221
3547,3.4572538860103625,386
3548,3.469465648854962,131
3549,4.160714285714286,28
3550,3.8241758241758244,182
3551,3.484848484848485,264
3552,3.673469387755102,147
3553,4.1826923076923075,104
3554,4.0036496350364965,137
3555,4.625,40
3556,3.3636363636363638,33
3557,3.7551724137931033,145
3558,4.260869565217392,92
3559,3.7419354838709675,31
3560,3.558139534883721,43
3561,3.832116788321168,137
3562,4.212121212121212,99
3563,3.7676767676767677,99
3564,3.7560975609756095,41
3565,4.069148936170213,94
3566,3.363013698630137,73
3567,2.84251968503937,127
3568,3.5905172413793105,116
3569,3.65819209039548,177
3570,3.925,20
3571,3.3375,80
3572,3.847826086956522,23
3573,3.783333333333333,60
3574,3.225,40
3575,3.9565217391304346,23
3576,3.869565217391304,23
3577,3.3870967741935485,62
3578,3.25,112
3579,3.96,25
3580,4.211538461538462,130
3581,3.767857142857143,28
3582,3.9193548387096775,31
3583,2.972361809045226,199
3584,3.0925925925925926,27
3585,3.357142857142857,63
3586,4.48,25
3587,4.716981132075472,53
3588,4.440677966101695,59
3589,4.4,20
3590,3.4347826086956523,23
3591,3.172661870503597,139
3592,4.074712643678161,174
3593,3.477578475336323,446
3594,3.7837837837837838,37
3595,4.057471264367816,87
3596,3.561224489795918,98
3597,4.003496503496503,143
3598,3.5,33
3599,3.4,20
3600,2.8277027027027026,148
3601,3.4808917197452227,314
3602,3.871308016877637,474
3603,3.033333333333333,30
3604,2.991408934707904,291
3605,3.7037037037037037,27
3606,3.1702127659574466,47
3607,4.0227272727272725,44
3608,4.25,52
3609,3.857142857142857,98
3610,3.6875,104
3611,3.9696969696969697,33
3612,2.3214285714285716,28
3613,3.736842105263158,38
3614,2.55,20
3615,3.4285714285714284,21
3616,3.543859649122807,57
3617,2.6818181818181817,176
3618,4.362068965517241,29
3619,3.3404255319148937,47
3620,3.746987951807229,83
3621,3.9877300613496933,163
3622,4.032258064516129,31
3623,3.6353846153846154,1625
3624,3.2698132256436145,1981
3625,3.7276315789473684,380
3626,4.071428571428571,42
3627,3.743661971830986,355
3628,4.5,42
3629,2.8781065088757396,845
3630,3.609318996415771,279
3631,3.7777777777777777,36
3632,4.054245283018868,212
3633,3.75,46
3634,4.13,100
3635,4.0,29
3636,3.6744186046511627,43
3637,3.6289308176100628,159
3638,2.923076923076923,117
3639,2.45,20
3640,3.7818181818181817,55
3641,3.58,100
3642,2.475,20
3643,4.32,25
3644,4.125,40
3645,3.3529411764705883,51
3646,3.425,20
3647,3.7698412698412698,63
3648,2.820284697508897,281
3649,3.7971014492753623,207
3650,3.836734693877551,49
3651,3.6956521739130435,23
3652,3.625,48
3653,4.0054945054945055,182
3654,3.857142857142857,28
3655,4.0625,40
3656,4.495798319327731,119
3657,4.434343434343434,99
3658,3.022727272727273,22
3659,3.4545454545454546,33
3660,3.437250996015936,502
3661,3.4516129032258065,31
3662,3.875,56
3663,2.8658536585365852,41
3664,3.7713675213675213,234
3665,3.273913043478261,115
3666,3.5277777777777777,54
3667,4.012121212121212,165
3668,4.121212121212121,33
3669,3.375,72
3670,4.457142857142857,35
3671,3.3333333333333335,36
3672,3.8518518518518516,54
3673,3.5925925925925926,27
3674,3.6923076923076925,26
3675,4.205882352941177,68
3676,3.75,20
3677,3.3794871794871795,195
3678,2.75,36
3679,4.083333333333333,36
3680,3.392156862745098,153
3681,4.023809523809524,21
3682,4.392857142857143,70
3683,3.625,28
3684,3.5714285714285716,63
3685,4.129032258064516,31
3686,3.2222222222222223,126
3687,3.407142857142857,70
3688,4.390625,32
3689,3.8729281767955803,181
3690,4.785714285714286,42
3691,4.02054794520548,73
3692,3.4742268041237114,97
3693,3.130434782608696,46
3694,3.783582089552239,134
3695,2.6966666666666668,150
3696,3.5606060606060606,132
3697,3.9594594594594597,37
3698,3.925414364640884,181
3699,3.1699346405228757,306
3700,3.267175572519084,131
3701,3.4193548387096775,31
3702,3.65359477124183,153
3703,3.5,98
3704,3.44875,400
3705,3.224,125
3706,4.101694915254237,59
3707,3.7906976744186047,43
3708,3.935185185185185,54
3709,4.083333333333333,24
3710,3.555072463768116,345
3711,4.12,175
3712,3.710526315789474,114
3713,3.7333333333333334,30
3714,3.478723404255319,188
3715,3.7033398821218073,509
3716,3.67032967032967,364
3717,3.4722222222222223,36
3718,4.448275862068965,29
3719,3.481132075471698,106
3720,3.4711538461538463,104
3721,4.37962962962963,108
3722,3.2745098039215685,51
3723,3.741635687732342,269
3724,2.075,20
3725,4.220588235294118,34
3726,3.955339805825243,515
3727,3.548780487804878,82
3728,3.6857142857142855,140
3729,4.12280701754386,114
3730,4.1,50
3731,4.108870967741935,124
3732,3.891304347826087,23
3733,3.2162162162162162,37
3734,2.875,240
3735,3.5935483870967744,310
3736,2.080521472392638,652
3737,4.44,50
3738,3.2711864406779663,59
3739,2.630853994490358,363
3740,3.5806451612903225,31
3741,3.731060606060606,132
3742,2.5391432791728215,1354
3743,3.6491365777080063,637
3744,3.5454545454545454,22
3745,4.100961538461538,104
3746,3.8776978417266186,139
3747,3.0774774774774776,555
3748,3.9450549450549453,91
3749,3.549019607843137,51
3750,4.1075949367088604,79
3751,3.325301204819277,166
3752,3.2037037037037037,27
3753,3.661764705882353,34
3754,2.741095890410959,730
3755,3.4310344827586206,145
3756,3.8684210526315788,38
3757,3.0726837060702876,626
3758,4.075757575757576,99
3759,3.3125,64
3760,3.4687875150060026,833
3761,3.0833333333333335,24
3762,4.18,25
3763,3.710526315789474,38
3764,2.8181818181818183,22
3765,3.8857142857142857,35
3766,3.548611111111111,72
3767,2.8653846153846154,26
3768,3.7411003236245954,309
3769,3.6818181818181817,22
3770,4.102941176470588,34
3771,3.269230769230769,39
3772,3.6451612903225805,62
3773,3.8313953488372094,86
3774,3.0987654320987654,81
3775,4.476190476190476,63
3776,3.6491228070175437,57
3777,3.5357575757575757,825
3778,3.432977461447212,843
3779,3.2645502645502646,189
3780,2.9320388349514563,103
3781,3.921875,32
3782,3.65,50
3783,4.304635761589404,151
3784,4.339285714285714,28
3785,4.359375,32
3786,3.8547008547008548,117
3787,3.925,220
3788,4.171428571428572,35
3789,3.978102189781022,274
3790,2.7650273224043715,183
3791,4.013513513513513,37
3792,3.2994505494505493,182
3793,3.4696969696969697,33
3794,3.3824404761904763,336
3795,4.283333333333333,30
3796,3.2916666666666665,48
3797,3.175925925925926,108
3798,3.6551094890510947,548
3799,3.6,30
3800,3.517857142857143,28
3801,3.8076923076923075,26
3802,4.0060975609756095,82
3803,3.588888888888889,90
3804,3.7053941908713695,723
3805,3.2587336244541483,458
3806,4.137795275590551,127
3807,3.269757639620653,949
3808,3.95,60
3809,3.86046511627907,86
3810,3.8636363636363638,44
3811,3.5618556701030926,97
3812,3.0,61
3813,3.0297029702970297,101
3814,4.330508474576271,59
3815,3.0607287449392713,247
3816,2.925,20
3817,3.3044982698961936,289
3818,3.5070754716981134,212
3819,3.764705882352941,34
3820,4.260869565217392,23
3821,3.539772727272727,88
3822,4.358638743455497,191
3823,3.911764705882353,68
3824,3.8835616438356166,146
3825,3.484848484848485,33
3826,4.064220183486238,109
3827,4.239316239316239,117
3828,3.60467706013363,449
3829,4.223404255319149,94
3830,3.152173913043478,46
3831,3.4543446244477174,1358
3832,3.726698262243286,633
3833,3.82,50
3834,3.4049586776859506,121
3835,4.176470588235294,34
3836,3.3333333333333335,21
3837,2.788732394366197,71
3838,4.035460992907802,141
3839,3.590909090909091,22
3840,2.953271028037383,107
3841,3.9833333333333334,30
3842,3.4296536796536796,462
3843,4.356223175965665,233
3844,3.980769230769231,52
3845,3.5691318327974275,311
3846,3.545009784735812,511
3847,3.25177304964539,846
3848,4.297872340425532,47
3849,3.6050420168067228,119
3850,3.3655913978494625,93
3851,4.194444444444445,72
3852,3.3780487804878048,82
3853,4.115384615384615,78
3854,3.779220779220779,154
3855,4.177631578947368,76
3856,3.781021897810219,137
3857,4.170454545454546,220
3858,4.247863247863248,117
3859,3.5959302325581395,344
3860,3.942857142857143,35
3861,3.3214285714285716,112
3862,4.026666666666666,75
3863,3.4761904761904763,42
3864,3.7333333333333334,45
3865,3.9661016949152543,118
3866,3.2310195227765726,461
3867,3.7,50
3868,3.676258992805755,139
3869,3.45,40
3870,3.2109218436873745,998
3871,3.588235294117647,204
3872,3.2865853658536586,82
3873,3.239247311827957,372
3874,3.770873786407767,515
3875,3.788732394366197,71
3876,3.6470588235294117,34
3877,3.767123287671233,73
3878,3.4318181818181817,22
3879,4.030364372469635,247
3880,3.9714285714285715,35
3881,3.0476190476190474,21
3882,3.5306122448979593,49
3883,3.5921052631578947,38
3884,3.84375,128
3885,4.595238095238095,21
3886,2.6407185628742513,167
3887,3.126923076923077,130
3888,3.8552631578947367,190
3889,3.361111111111111,36
3890,3.0,53
3891,3.5833333333333335,36
3892,4.110091743119266,109
3893,4.2,20
3894,2.586206896551724,58
3895,3.281390134529148,446
3896,3.1363636363636362,22
3897,3.5,53
3898,4.225806451612903,62
3899,3.798507462686567,67
3900,3.8947368421052633,38
3901,3.292263610315186,349
3902,2.6858974358974357,234
3903,3.6392405063291138,237
3904,3.857142857142857,49
3905,4.148148148148148,27
3906,4.985,100
3907,2.3181818181818183,22
3908,4.62962962962963,27
3909,3.942857142857143,35
3910,3.4835164835164836,91
3911,3.99,250
3912,3.514705882352941,68
3913,3.769230769230769,52
3914,3.4081632653061225,98
3915,3.8190184049079754,163
3916,4.198412698412699,126
3917,3.5705996131528046,517
3918,3.1486146095717884,397
3919,4.466666666666667,30
3920,4.134615384615385,26
3921,3.1565217391304348,230
3922,2.5703125,128
3923,3.5762711864406778,59
3924,4.1206030150753765,199
3925,3.34375,64
3926,3.0347222222222223,72
3927,4.411764705882353,51
3928,3.0549450549450547,91
3929,3.617391304347826,115
3930,3.514925373134328,134
3931,3.85,20
3932,4.445945945945946,74
3933,4.090909090909091,121
3934,4.053191489361702,47
3935,3.983433734939759,332
3936,4.181818181818182,22
3937,3.171097770154374,1166
3938,3.5698924731182795,372
3939,2.9755434782608696,184
3940,3.857142857142857,70
3941,3.543103448275862,522
3942,4.327586206896552,58
3943,3.686046511627907,86
3944,4.419354838709677,31
3945,4.305555555555555,36
3946,3.857142857142857,140
3947,4.05,20
3948,3.4075757575757577,660
3949,4.267241379310345,58
3950,3.102272727272727,176
3951,3.772727272727273,77
3952,3.566666666666667,45
3953,3.292307692307692,65
3954,3.8767605633802815,142
3955,3.401315789473684,76
3956,3.5199004975124377,201
3957,3.5829787234042554,235
3958,3.1666666666666665,33
3959,2.734982332155477,566
3960,3.3668341708542715,199
3961,3.4444444444444446,36
3962,3.7325581395348837,43
3963,4.3896103896103895,77
3964,3.6184210526315788,76
3965,2.8222222222222224,45
3966,3.838235294117647,34
3967,3.7777777777777777,45
3968,3.3214285714285716,56
3969,4.551724137931035,58
3970,3.8854166666666665,96
3971,3.497041420118343,169
3972,2.8088235294117645,34
3973,3.7983870967741935,62
3974,2.990740740740741,54
3975,3.6516314779270633,521
3976,3.630434782608696,46
3977,3.4148936170212765,47
3978,3.6493506493506493,77
3979,4.074074074074074,27
3980,3.9477611940298507,134
3981,3.96875,64
3982,4.184210526315789,38
3983,4.434782608695652,46
3984,3.7714285714285714,35
3985,3.696969696969697,33
3986,2.9617486338797816,183
3987,3.8155339805825244,103
3988,2.826043737574553,503
3989,3.843065693430657,137
3990,3.757575757575758,33
3991,3.010152284263959,197
3992,4.124401913875598,418
3993,4.232142857142857,28
3994,3.6535087719298245,114
3995,2.575,20
3996,4.016666666666667,60
3997,2.8068493150684932,365
3998,3.6511627906976742,43
3999,3.776566757493188,367
4000,4.8,20
4001,4.327586206896552,29
4002,3.798611111111111,72
4003,3.9696969696969697,33
4004,3.7555555555555555,90
4005,3.004524886877828,221
4006,3.9407407407407407,540
4007,3.8260869565217392,23
4008,4.278260869565218,115
4009,3.8266283524904217,522
4010,3.5869565217391304,46
4011,3.6923076923076925,78
4012,3.727272727272727,22
4013,3.8408018867924527,424
4014,3.9310344827586206,29
4015,3.7549019607843137,102
4016,3.760195758564437,613
4017,3.9649122807017543,57
4018,3.136986301369863,73
4019,3.33188484519283,1841
4020,2.869047619047619,84
4021,4.033333333333333,60
4022,3.9574468085106385,47
4023,3.7223101265822787,632
4024,2.99781181619256,457
4025,2.8095238095238093,21
4026,3.6179775280898876,89
4027,4.180327868852459,61
4028,4.0,119
4029,3.21875,128
4030,3.55,120
4031,3.025,120
4032,3.5535714285714284,28
4033,3.857142857142857,21
4034,4.256410256410256,39
4035,3.8,40
4036,3.6363636363636362,55
4037,4.0397727272727275,88
4038,3.0517241379310347,116
4039,3.2263157894736842,190
4040,3.7432432432432434,74
4041,3.5925925925925926,81
4042,3.875,40
4043,4.041379310344827,145
4044,3.2051282051282053,39
4045,4.237903225806452,124
4046,4.1438356164383565,73
4047,3.3842794759825328,229
4048,4.234177215189874,79
4049,3.7580645161290325,31
4050,4.353233830845771,201
4051,3.686046511627907,86
4052,3.3947368421052633,76
4053,3.882943143812709,299
4054,3.1515151515151514,33
4055,3.878787878787879,33
4056,2.4761904761904763,105
4057,2.9210526315789473,133
4058,4.222222222222222,45
4059,3.664285714285714,70
4060,3.1736918604651163,1376
4061,3.3136942675159236,314
4062,3.912280701754386,114
4063,3.5531914893617023,47
4064,3.2666666666666666,45
4065,3.380952380952381,21
4066,3.769230769230769,26
4067,3.7738095238095237,84
4068,4.19375,80
4069,4.004761904761905,105
4070,4.232558139534884,43
4071,3.5073529411764706,68
4072,3.8125,32
4073,3.8684210526315788,57
4074,3.504950495049505,101
4075,3.8059701492537314,67
4076,3.7413793103448274,58
4077,4.0,48
4078,3.613861386138614,101
4079,2.6414473684210527,152
4080,3.5945945945945947,37
4081,3.326923076923077,52
4082,3.5841584158415842,202
4083,3.36231884057971,138
4084,4.388888888888889,27
4085,3.436046511627907,86
4086,3.4130434782608696,23
4087,4.222222222222222,36
4088,4.043478260869565,46
4089,3.2911392405063293,79
4090,2.9358974358974357,78
4091,3.878787878787879,33
4092,4.079365079365079,63
4093,4.64,25
4094,3.0288461538461537,104
4095,3.409090909090909,22
4096,3.3607594936708862,158
4097,4.452229299363057,157
4098,3.6666666666666665,42
4099,2.3983739837398375,246
4100,2.5545774647887325,568
4101,3.65,20
4102,4.025735294117647,136
4103,1.9285714285714286,70
4104,3.69,50
4105,3.601890756302521,476
4106,3.5675675675675675,37
4107,3.3592233009708736,103
4108,3.543103448275862,116
4109,2.9875,40
4110,2.8863636363636362,132
4111,3.847826086956522,23
4112,3.425925925925926,54
4113,3.9285714285714284,42
4114,3.857142857142857,35
4115,3.1948356807511735,213
4116,3.6363636363636362,33
4117,3.892857142857143,28
4118,3.567901234567901,162
4119,3.5992063492063493,126
4120,4.088235294117647,34
4121,3.258426966292135,356
4122,3.513157894736842,76
4123,3.8620689655172415,29
4124,4.087719298245614,171
4125,3.287128712871287,101
4126,3.73046875,128
4127,4.2368421052631575,171
4128,3.7666666666666666,30
4129,3.7755102040816326,49
4130,3.5825242718446604,103
4131,4.2,20
4132,3.697674418604651,43
4133,3.657142857142857,35
4134,3.5892857142857144,28
4135,3.5757575757575757,33
4136,3.183098591549296,71
4137,4.25,24
4138,3.783333333333333,60
4139,4.172131147540983,61
4140,2.017857142857143,28
4141,3.838888888888889,90
4142,4.084415584415584,154
4143,4.2,20
4144,4.098944591029023,379
4145,3.736614853195164,579
4146,3.460526315789474,38
4147,3.763888888888889,72
4148,3.5833333333333335,144
4149,2.9937192790824687,1831
4150,4.4035087719298245,57
4151,4.25,24
4152,3.9332603938730855,457
4153,4.330357142857143,56
4154,3.642857142857143,35
4155,4.388888888888889,135
4156,3.2248322147651005,745
4157,3.5833333333333335,24
4158,3.630952380952381,84
4159,3.6300448430493275,223
4160,2.7560975609756095,287
4161,4.116666666666666,30
4162,2.953231292517007,588
4163,3.8559322033898304,118
4164,4.134328358208955,67
4165,4.053191489361702,94
4166,3.3505747126436782,174
4167,3.46218487394958,119
4168,3.9761904761904763,21
4169,3.6740506329113924,158
4170,2.8333333333333335,21
4171,3.6341463414634148,41
4172,3.0520833333333335,48
4173,4.135220125786163,159
4174,3.2142857142857144,28
4175,3.689655172413793,29
4176,3.8043478260869565,46
4177,4.03,50
4178,3.713270142180095,211
4179,3.2625,80
4180,4.098214285714286,112
4181,4.285714285714286,98
4182,3.7522522522522523,111
4183,2.9166666666666665,30
4184,4.357142857142857,28
4185,3.5945945945945947,111
4186,4.222222222222222,27
4187,3.7916666666666665,48
4188,3.880952380952381,21
4189,3.2857142857142856,21
4190,3.8125,32
4191,3.7253521126760565,71
4192,4.523809523809524,21
4193,4.0,46
4194,4.175925925925926,108
4195,3.8026315789473686,38
4196,3.8292682926829267,41
4197,3.7738095238095237,84
4198,3.710526315789474,38
4199,3.92,25
4200,3.0945945945945947,37
4201,3.6842105263157894,38
4202,4.0,84
4203,4.644444444444445,45
4204,3.9166666666666665,444
4205,3.793103448275862,174
4206,2.6775956284153004,549
4207,4.3173076923076925,52
4208,3.792682926829268,41
4209,3.1818181818181817,88
4210,3.7736625514403292,243
4211,3.586206896551724,29
4212,3.546351084812623,507
4213,4.769230769230769,26
4214,3.8870967741935485,62
4215,3.2716763005780347,173
4216,3.6216216216216215,111
4217,2.859375,32
4218,4.0125,40
4219,3.375,32
4220,3.2615384615384615,65
4221,3.1174636174636174,481
4222,3.1724137931034484,58
4223,3.236180904522613,199
4224,3.9615384615384617,156
4225,4.6,25
4226,4.428571428571429,21
4227,3.36,50
4228,3.9242424242424243,33
4229,3.477272727272727,88
4230,3.5217391304347827,46
4231,4.3061224489795915,49
4232,4.045454545454546,22
4233,3.696969696969697,66
4234,3.82942238267148,554
4235,4.141350210970464,237
4236,3.525,20
4237,3.3372549019607844,255
4238,2.359375,128
4239,4.078125,128
4240,4.240963855421687,166
4241,3.3238636363636362,88
4242,4.162393162393163,117
4243,3.85,30
4244,4.555555555555555,27
4245,3.2937365010799136,463
4246,3.476381909547739,995
4247,3.727272727272727,22
4248,3.6091954022988504,87
4249,3.6,20
4250,3.291044776119403,268
4251,3.1714285714285713,35
4252,3.3733333333333335,75
4253,3.8948497854077253,466
4254,3.762376237623762,101
4255,3.916252072968491,603
4256,4.005813953488372,86
4257,4.115530303030303,264
4258,3.761904761904762,21
4259,4.5125,40
4260,4.0,66
4261,3.63265306122449,49
4262,3.7388059701492535,67
4263,4.125,24
4264,3.625,24
4265,3.775,20
4266,3.9166666666666665,24
4267,3.4375,72
4268,4.3008474576271185,118
4269,3.140625,64
4270,3.75531914893617,94
4271,3.2777777777777777,36
4272,3.72972972972973,37
4273,3.8625,80
4274,3.1923076923076925,52
4275,3.767716535433071,127
4276,3.5588235294117645,34
4277,3.625194401244168,643
4278,4.365853658536586,41
4279,3.796511627906977,86
4280,2.9066901408450705,568
4281,4.629032258064516,62
4282,3.878299120234604,682
4283,3.8389830508474576,59
4284,3.7844827586206895,58
4285,4.277777777777778,27
4286,3.513888888888889,144
4287,3.8125,48
4288,3.3706896551724137,58
4289,3.9555555555555557,45
4290,4.0576923076923075,78
4291,4.281818181818182,110
4292,3.942857142857143,35
4293,3.2333333333333334,30
4294,2.72962962962963,675
4295,3.7027027027027026,37
4296,3.419753086419753,162
4297,3.025,40
4298,3.7241379310344827,29
4299,3.1417910447761193,402
4300,3.9871794871794872,156
4301,3.6142857142857143,35
4302,3.7142857142857144,21
4303,3.1420454545454546,88
4304,3.672727272727273,55
4305,4.17741935483871,31
4306,3.8181818181818183,22
4307,3.884,125
4308,4.128205128205129,39
4309,3.375,20
4310,2.46875,656
4311,4.461538461538462,26
4312,3.2857142857142856,35
4313,3.2966101694915255,236
4314,3.732484076433121,157
4315,3.5625,24
4316,3.791304347826087,115
4317,2.7841726618705036,139
4318,4.16,25
4319,3.3333333333333335,108
4320,3.4444444444444446,54
4321,3.4201680672268906,119
4322,4.0546875,128
4323,3.6875,32
4324,4.3076923076923075,52
4325,3.1068702290076335,131
4326,3.7555555555555555,315
4327,3.7477064220183487,218
4328,3.63265306122449,98
4329,3.898529411764706,340
4330,4.524390243902439,82
4331,4.171428571428572,35
4332,4.545317220543807,331
4333,4.282608695652174,23
4334,4.092920353982301,226
4335,3.902439024390244,41
4336,3.073529411764706,68
4337,4.28030303030303,66
4338,4.033333333333333,30
4339,3.945945945945946,37
4340,3.965909090909091,44
4341,3.732673267326733,101
4342,4.109489051094891,137
4343,4.079207920792079,101
4344,4.964285714285714,28
4345,3.3392857142857144,28
4346,2.735897435897436,390
4347,3.066265060240964,83
4348,3.979651162790698,172
4349,4.266666666666667,45
4350,4.2745098039215685,51
4351,4.2592592592592595,27
4352,3.5925925925925926,54
4353,4.0212765957446805,47
4354,3.9456521739130435,276
4355,3.8461538461538463,39
4356,4.269230769230769,26
4357,2.625,20
4358,2.586792452830189,265
4359,3.130434782608696,92
4360,3.6666666666666665,126
4361,3.9838709677419355,31
4362,3.106060606060606,33
4363,3.1538461538461537,26
4364,3.617424242424242,132
4365,3.411392405063291,158
4366,2.8297872340425534,47
4367,3.6785714285714284,28
4368,3.3413461538461537,104
4369,3.2,25
4370,4.459016393442623,61
4371,3.783582089552239,134
4372,3.025,200
4373,3.869047619047619,42
4374,3.477272727272727,110
4375,3.677685950413223,121
4376,4.253623188405797,69
4377,3.946830265848671,978
4378,2.2,20
4379,3.7865168539325844,89
4380,4.5479452054794525,219
4381,3.68,25
4382,4.0,33
4383,3.2694174757281553,824
4384,2.517543859649123,57
4385,4.150943396226415,53
4386,3.2241379310344827,29
4387,3.23019801980198,202
4388,3.447401774397972,789
4389,3.097560975609756,287
4390,3.3043478260869565,23
4391,3.638268156424581,358
4392,3.6315789473684212,38
4393,4.1683168316831685,101
4394,4.073529411764706,34
4395,4.555555555555555,27
4396,3.9753521126760565,142
4397,3.4025974025974026,154
4398,4.425925925925926,27
4399,3.054054054054054,37
4400,4.027027027027027,37
4401,3.8886138613861387,606
4402,3.423228346456693,508
4403,4.065217391304348,23
4404,4.296296296296297,27
4405,3.6533923303834808,678
4406,3.65,30
4407,3.787878787878788,132
4408,3.7222222222222223,63
4409,4.056603773584905,53
4410,3.236963190184049,1956
4411,3.77027027027027,37
4412,3.981203007518797,133
4413,3.3333333333333335,45
4414,4.0,30
4415,4.8283582089552235,67
4416,3.6533333333333333,75
4417,4.52,25
4418,3.1264367816091956,87
4419,3.4761904761904763,42
4420,3.8333333333333335,705
4421,3.599451303155007,729
4422,2.3875,40
4423,3.8823529411764706,51
4424,3.4401709401709404,234
4425,3.912280701754386,57
4426,4.186507936507937,126
4427,3.4242424242424243,33
4428,4.407407407407407,27
4429,2.794292508917955,1682
4430,4.023255813953488,43
4431,3.8181818181818183,22
4432,3.4545454545454546,143
4433,3.4074074074074074,54
4434,4.043307086614173,127
4435,3.590909090909091,22
4436,3.3301282051282053,156
4437,2.6655844155844157,308
4438,3.8,50
4439,3.6440677966101696,118
4440,3.8620689655172415,58
4441,3.7804878048780486,205
4442,3.654471544715447,123
4443,4.236111111111111,36
4444,3.5238095238095237,42
4445,3.7768361581920904,177
4446,3.4074074074074074,81
4447,2.8636363636363638,66
4448,4.335051546391752,97
4449,2.5952380952380953,21
4450,3.1876430205949657,437
4451,4.135338345864661,133
4452,3.7704918032786887,61
4453,4.214285714285714,105
4454,4.151515151515151,33
4455,3.369565217391304,23
4456,3.8644578313253013,166
4457,3.693548387096774,186
4458,3.9014778325123154,203
4459,3.5996835443037973,316
4460,3.9596774193548385,62
4461,3.989130434782609,46
4462,3.225,20
4463,3.1841620626151013,543
4464,3.606060606060606,33
4465,3.25,44
4466,3.772357723577236,123
4467,3.527529761904762,672
4468,3.7746478873239435,142
4469,3.5,150
4470,3.404040404040404,99
4471,3.2875,120
4472,4.0664556962025316,158
4473,3.59375,32
4474,3.297872340425532,141
4475,3.5185185185185186,27
4476,4.521428571428571,70
4477,3.982456140350877,57
4478,3.6352313167259784,281
4479,3.6666666666666665,48
4480,3.671875,32
4481,3.7785714285714285,210
4482,4.2254901960784315,204
4483,3.787962962962963,540
4484,2.8333333333333335,24
4485,3.56,25
4486,3.4285714285714284,49
4487,3.4761904761904763,105
4488,2.826923076923077,78
4489,3.689655172413793,29
4490,4.514285714285714,35
4491,3.380952380952381,21
4492,3.8580246913580245,81
4493,3.764765784114053,491
4494,3.2214285714285715,280
4495,3.388888888888889,81
4496,3.625,840
4497,3.3979591836734695,294
4498,4.2631578947368425,76
4499,3.26,50
4500,3.8378378378378377,74
4501,3.775,120
4502,3.838323353293413,167
4503,3.5357142857142856,28
4504,4.190476190476191,21
4505,4.396551724137931,58
4506,4.071428571428571,42
4507,3.61,50
4508,3.8,30
4509,3.5076923076923077,65
4510,3.7,35
4511,3.2413793103448274,29
4512,3.2145110410094637,317
4513,2.8780487804878048,41
4514,4.104166666666667,24
4515,3.7835218093699514,1238
4516,4.15,50
4517,3.4285714285714284,35
4518,4.106617647058823,136
4519,2.948717948717949,39
4520,3.676056338028169,71
4521,3.25,36
4522,4.174418604651163,86
4523,4.092436974789916,119
4524,4.296296296296297,27
4525,3.7586206896551726,29
4526,3.8125,80
4527,3.091463414634146,82
4528,3.239130434782609,46
4529,3.6666666666666665,33
4530,3.8714285714285714,35
4531,3.5416666666666665,24
4532,3.488095238095238,714
4533,3.3958333333333335,48
4534,3.519230769230769,104
4535,4.52,25
4536,3.736842105263158,152
4537,3.7816593886462884,229
4538,3.361111111111111,36
4539,4.258706467661692,201
4540,3.160919540229885,87
4541,3.598101265822785,158
4542,3.857142857142857,70
4543,3.3535353535353534,99
4544,3.484126984126984,63
4545,3.6271186440677967,59
4546,3.5055555555555555,90
4547,3.7325581395348837,86
4548,4.507692307692308,65
4549,4.7272727272727275,33
4550,4.296296296296297,27
4551,3.56140350877193,57
4552,3.696969696969697,33
4553,3.227272727272727,22
4554,3.26144578313253,415
4555,3.95679012345679,81
4556,3.611111111111111,396
4557,4.26984126984127,63
4558,3.1548117154811717,239
4559,3.7910031847133756,1256
4560,3.6145833333333335,48
4561,3.6549295774647885,426
4562,3.1313131313131315,99
4563,2.991573033707865,356
4564,3.6120689655172415,58
4565,4.065573770491803,122
4566,4.147887323943662,71
4567,4.439655172413793,58
4568,3.4136904761904763,336
4569,3.372093023255814,43
4570,3.4954128440366974,109
4571,3.607142857142857,56
4572,3.8028169014084505,71
4573,3.8181818181818183,44
4574,3.349056603773585,106
4575,3.436974789915966,238
4576,4.489795918367347,147
4577,4.0,37
4578,3.5434782608695654,23
4579,3.921818181818182,550
4580,3.8157349896480333,483
4581,3.9536082474226806,194
4582,3.52,25
4583,3.4761904761904763,21
4584,3.6216216216216215,74
4585,3.6923076923076925,26
4586,4.293413173652695,167
4587,3.2643097643097643,297
4588,4.006756756756757,74
4589,3.2816901408450705,71
4590,3.1742857142857144,700
4591,4.094936708860759,79
4592,3.6651162790697676,215
4593,3.7450980392156863,51
4594,3.046153846153846,325
4595,3.5354330708661417,127
4596,3.111111111111111,135
4597,3.878787878787879,33
4598,3.657142857142857,105
4599,4.065573770491803,61
4600,4.60126582278481,79
4601,3.311111111111111,495
4602,3.534782608695652,115
4603,3.638888888888889,36
4604,3.875,48
4605,3.7899159663865545,119
4606,3.710526315789474,38
4607,4.0625,88
4608,3.443298969072165,97
4609,2.9574468085106385,47
4610,2.9482758620689653,29
4611,4.7272727272727275,99
4612,2.525,20
4613,3.679611650485437,103
4614,3.388888888888889,27
4615,4.393939393939394,33
4616,4.230769230769231,26
4617,4.590909090909091,33
4618,4.394736842105263,57
4619,3.3863636363636362,44
4620,4.04,300
4621,2.575,20
4622,3.3333333333333335,21
4623,3.6216216216216215,74
4624,4.328571428571428,70
4625,3.8677685950413223,121
4626,3.840909090909091,44
4627,3.590909090909091,99
4628,3.760752688172043,186
4629,3.2031872509960158,251
4630,4.461538461538462,130
4631,2.754491017964072,334
4632,2.8363636363636364,55
4633,3.753968253968254,63
4634,3.0294117647058822,68
4635,3.772291820191599,1357
4636,2.761827079934747,613
4637,3.4038461538461537,26
4638,4.131481481481481,270
4639,4.18503937007874,127
4640,3.8125,168
4641,4.244186046511628,43
4642,3.642193308550186,538
4643,3.1904761904761907,21
4644,4.337837837837838,74
4645,3.3004484304932737,223
4646,4.346938775510204,49
4647,4.407894736842105,76
4648,3.337078651685393,89
4649,3.0375,320
4650,3.740079365079365,252
4651,3.9375,80
4652,3.6875,24
4653,3.7142857142857144,147
4654,3.506666666666667,75
4655,4.475,20
4656,3.4671052631578947,152
4657,3.7837837837837838,148
4658,3.8106060606060606,396
4659,4.258064516129032,31
4660,3.6739130434782608,46
4661,3.6586538461538463,104
4662,3.5217391304347827,23
4663,3.2903225806451615,186
4664,3.353448275862069,58
4665,3.65,20
4666,4.017857142857143,56
4667,3.35,20
4668,3.2403314917127073,543
4669,3.3134556574923546,327
4670,2.814710042432815,707
4671,3.4512534818941503,718
4672,3.396551724137931,29
4673,4.4361702127659575,47
4674,4.367647058823529,102
4675,3.6636050516647534,871
4676,3.5119916579770596,959
4677,3.234042553191489,94
4678,3.4194444444444443,180
4679,3.24,25
4680,3.0,59
4681,3.395348837209302,43
4682,3.0121951219512195,82
4683,3.6923076923076925,156
4684,4.84,25
4685,3.5454545454545454,110
4686,4.260869565217392,23
4687,3.7781350482315115,311
4688,3.6205128205128205,390
4689,3.298941798941799,189
4690,3.761904761904762,21
4691,3.2777777777777777,459
4692,4.301470588235294,68
4693,3.4726027397260273,219
4694,3.78125,32
4695,3.5702479338842976,121
4696,3.519148936170213,235
4697,3.066666666666667,60
4698,4.0256410256410255,39
4699,3.5277777777777777,144
4700,4.1466666666666665,75
4701,3.8529411764705883,68
4702,3.522727272727273,22
4703,3.308411214953271,107
4704,3.4545454545454546,22
4705,3.3260869565217392,46
4706,3.6956521739130435,23
4707,3.0364963503649633,137
4708,4.84375,32
4709,3.451875,800
4710,3.2339622641509433,265
4711,3.6495726495726495,702
4712,4.316666666666666,30
4713,3.606060606060606,99
4714,3.0625,24
4715,4.081632653061225,49
4716,4.758064516129032,62
4717,3.8205128205128207,78
4718,4.146341463414634,41
4719,3.8958333333333335,48
4720,2.5,24
4721,4.366666666666666,60
4722,4.135483870967742,155
4723,3.9565217391304346,92
4724,3.320441988950276,181
4725,3.3333333333333335,21
4726,3.194610778443114,334
4727,3.8113636363636365,220
4728,4.0,89
4729,4.180327868852459,61
4730,3.7916666666666665,96
4731,2.9565217391304346,23
4732,3.013888888888889,108
4733,3.142857142857143,28
4734,3.9482758620689653,29
4735,3.803030303030303,66
4736,3.693548387096774,62
4737,4.048387096774194,62
4738,3.965333333333333,375
4739,4.5227272727272725,22
4740,3.495798319327731,119
4741,3.8437031484257873,1334
4742,3.4657387580299788,467
4743,4.714285714285714,21
4744,3.225,40
4745,3.725806451612903,31
4746,4.06,25
4747,3.4545454545454546,22
4748,3.0642201834862384,109
4749,2.7857142857142856,28
4750,2.68,25
4751,3.68,25
4752,3.0436893203883497,103
4753,3.3820224719101124,89
4754,3.6666666666666665,78
4755,3.989130434782609,92
4756,3.9464285714285716,56
4757,4.415094339622642,53
4758,3.691011235955056,356
4759,3.984375,32
4760,3.259259259259259,27
4761,3.7209302325581395,215
4762,4.222222222222222,36
4763,3.24,200
4764,4.42,50
4765,4.423728813559322,59
4766,3.8,20
4767,4.014285714285714,70
4768,4.3088235294117645,34
4769,4.294117647058823,51
4770,3.4074074074074074,81
4771,3.6054852320675104,237
4772,3.806338028169014,568
4773,3.9306930693069306,101
4774,2.700290275761974,689
4775,2.656369183829138,1311
4776,3.533333333333333,75
4777,4.166666666666667,75
4778,3.905829596412556,223
4779,3.95,20
4780,2.9692307692307693,65
4781,3.186046511627907,43
4782,3.4740932642487046,193
4783,4.15,40
4784,3.84375,32
4785,3.8304597701149423,174
4786,4.114942528735632,87
4787,3.8958333333333335,144
4788,3.9166666666666665,24
4789,2.9565217391304346,23
4790,3.5018587360594795,269
4791,3.94,25
4792,4.281767955801105,181
4793,2.588235294117647,102
4794,3.6307692307692307,65
4795,3.792270531400966,207
4796,3.566666666666667,30
4797,3.6666666666666665,45
4798,3.1147540983606556,61
4799,3.5889830508474576,354
4800,3.2916666666666665,24
4801,3.6333333333333333,75
4802,3.3001930501930503,518
4803,3.3076923076923075,78
4804,3.764705882352941,68
4805,3.3734177215189876,474
4806,4.095744680851064,47
4807,4.594855305466238,311
4808,3.156862745098039,510
4809,3.9273356401384083,289
4810,4.075268817204301,93
4811,3.9239130434782608,92
4812,3.731707317073171,41
4813,3.392857142857143,56
4814,3.68,25
4815,4.256410256410256,39
4816,3.26,50
4817,3.8181818181818183,66
4818,4.0,50
4819,2.7419354838709675,31
4820,4.206088992974239,427
4821,3.8461538461538463,52
4822,3.3956043956043955,91
4823,3.9642857142857144,28
4824,4.298076923076923,104
4825,2.9086102719033233,662
4826,3.6354166666666665,48
4827,3.533333333333333,45
4828,3.4653979238754324,1156
4829,3.8313253012048194,166
4830,3.9371069182389937,159
4831,3.44672131147541,244
4832,2.6298701298701297,770
4833,3.0145985401459856,137
4834,3.3636363636363638,22
4835,4.039423076923077,520
4836,3.652173913043478,23
4837,2.9893617021276597,94
4838,3.595744680851064,423
4839,3.3125,32
4840,3.8257575757575757,66
4841,3.897338403041825,263
4842,3.9642857142857144,28
4843,3.540772532188841,233
4844,4.173469387755102,49
4845,2.884892086330935,139
4846,3.875,32
4847,3.52,25
4848,3.3608247422680413,873
4849,4.380952380952381,84
4850,3.767857142857143,56
4851,3.71875,128
4852,4.06,25
4853,4.5227272727272725,22
4854,3.207865168539326,178
4855,3.75,20
4856,4.2727272727272725,22
4857,3.9,30
4858,3.2903225806451615,62
4859,4.517241379310345,58
4860,3.655773420479303,459
4861,3.4501510574018126,331
4862,3.5736842105263156,95
4863,3.3433734939759034,83
4864,3.2408376963350785,191
4865,4.166666666666667,57
4866,3.625,100
4867,3.91,50
4868,4.048076923076923,104
4869,4.382352941176471,68
4870,4.175,20
4871,4.2592592592592595,54
4872,3.568259385665529,293
4873,2.7899686520376177,319
4874,4.0,20
4875,2.3,20
4876,4.24,25
4877,3.6,20
4878,4.241379310344827,29
4879,3.6,20
4880,2.7,20
4881,3.283333333333333,30
4882,3.6972972972972973,185
4883,3.367857142857143,140
4884,3.403703703703704,270
4885,3.620879120879121,91
4886,3.6228070175438596,969
4887,3.641025641025641,78
4888,3.5588235294117645,34
4889,3.5,20
4890,3.758426966292135,178
4891,3.66399416909621,686
4892,4.15,40
4893,3.4123563218390807,348
4894,3.0535714285714284,56
4895,3.675,20
4896,4.1645569620253164,158
4897,4.67,50
4898,3.5416666666666665,72
4899,4.188034188034188,117
4900,3.7106824925816024,337
4901,4.416666666666667,210
4902,3.805084745762712,59
4903,3.619047619047619,21
4904,3.551324503311258,302
4905,4.711538461538462,26
4906,3.652173913043478,23
4907,3.7516129032258063,155
4908,3.7586206896551726,29
4909,3.6882352941176473,85
4910,3.7225274725274726,182
4911,3.291208791208791,91
4912,3.5483870967741935,31
4913,3.40625,32
4914,3.0925925925925926,297
4915,3.5833333333333335,72
4916,3.8839285714285716,56
4917,3.6,20
4918,3.4612403100775193,258
4919,4.472222222222222,36
4920,3.826923076923077,52
4921,3.9326923076923075,104
4922,3.5185185185185186,54
4923,4.222222222222222,72
4924,4.163101604278075,748
4925,4.25,22
4926,3.870967741935484,31
4927,3.941860465116279,43
4928,2.3421052631578947,38
4929,3.5833333333333335,450
4930,3.8120915032679736,306
4931,3.8629032258064515,124
4932,3.759493670886076,79
4933,4.196078431372549,153
4934,3.53125,32
4935,3.7155172413793105,58
4936,4.443478260869565,115
4937,2.518181818181818,55
4938,3.642857142857143,56
4939,3.5,24
4940,3.4363636363636365,110
4941,3.403225806451613,31
4942,4.864583333333333,48
4943,4.0,56
4944,3.578740157480315,127
4945,3.6333333333333333,120
4946,2.9054054054054053,37
4947,3.3636363636363638,22
4948,3.2875,40
4949,3.9285714285714284,28
4950,3.248502994011976,668
4951,3.7666666666666666,30
4952,3.410150891632373,729
4953,4.297169811320755,106
4954,3.5652173913043477,23
4955,3.8125,32
4956,4.192094313453537,721
4957,3.1578366445916113,453
4958,3.5535714285714284,56
4959,3.4878048780487805,82
4960,4.142857142857143,21
4961,3.7372262773722627,137
4962,3.6842105263157894,38
4963,3.4642857142857144,28
4964,3.6511627906976742,43
4965,3.8095238095238093,84
4966,3.90625,80
4967,3.5217391304347827,23
4968,3.948717948717949,39
4969,3.712121212121212,99
4970,3.5225225225225225,111
4971,3.9347826086956523,23
4972,3.5238095238095237,63
4973,3.329535095715588,1097
4974,3.9764150943396226,212
4975,3.222782258064516,496
4976,3.5671641791044775,67
4977,4.181818181818182,22
4978,3.3181818181818183,22
4979,3.835483870967742,155
4980,4.119047619047619,21
4981,3.3692307692307693,65
4982,3.9971751412429377,177
4983,4.2,40
4984,4.338709677419355,31
4985,3.4178082191780823,73
4986,3.442105263157895,95
4987,3.176470588235294,34
4988,3.9375,64
4989,4.085858585858586,99
4990,3.2,25
4991,2.5714285714285716,35
4992,3.790155440414508,386
4993,3.3857142857142857,70
4994,4.175925925925926,54
4995,3.35,20
4996,3.3904761904761904,105
4997,3.642857142857143,56
4998,3.5,50
4999,3.621212121212121,66
5000,3.4074074074074074,27
5001,4.233333333333333,30
5002,3.6785714285714284,70
5003,4.054945054945055,91
5004,4.313725490196078,153
5005,4.0476190476190474,21
5006,3.909090909090909,22
5007,3.3833333333333333,30
5008,3.522727272727273,44
5009,2.891304347826087,23
5010,2.72,25
5011,3.688311688311688,77
5012,3.934306569343066,137
5013,3.48,25
5014,3.9325396825396823,126
5015,3.704081632653061,196
5016,3.370932754880694,922
5017,3.285496183206107,655
5018,3.8377609108159394,527
5019,3.0594059405940595,303
5020,3.5789473684210527,38
5021,3.769230769230769,26
5022,4.109375,32
5023,3.8353658536585367,82
5024,3.168831168831169,77
5025,4.113636363636363,22
5026,2.9987373737373737,396
5027,3.262582056892779,457
5028,3.4545454545454546,66
5029,4.666666666666667,24
5030,3.757575757575758,33
5031,3.644230769230769,52
5032,4.185483870967742,62
5033,3.803738317757009,107
5034,4.0,84
5035,3.159090909090909,22
5036,3.4464285714285716,28
5037,3.7195121951219514,82
5038,3.47,100
5039,3.590909090909091,22
5040,4.17966573816156,359
5041,3.642857142857143,28
5042,3.787037037037037,54
5043,3.026706231454006,337
5044,2.5517241379310347,29
5045,3.475806451612903,496
5046,3.4615384615384617,26
5047,3.871794871794872,39
5048,3.15,20
5049,3.1153846153846154,26
5050,3.6,20
5051,3.45,140
5052,3.3346814964610716,989
5053,3.785276073619632,163
5054,4.5476190476190474,21
5055,3.8815789473684212,152
5056,3.102789256198347,968
5057,3.2098214285714284,112
5058,3.1206896551724137,174
5059,2.932258064516129,155
5060,2.6132478632478633,702
5061,3.125,28
5062,2.815642458100559,179
5063,4.028846153846154,104
5064,2.945026178010471,1146
5065,3.5681818181818183,22
5066,3.627906976744186,43
5067,3.0517241379310347,58
5068,3.8836477987421385,636
5069,3.433333333333333,30
5070,3.8636363636363638,88
5071,3.6549295774647885,142
5072,3.8925373134328356,670
5073,2.2857142857142856,35
5074,3.3326039387308533,457
5075,4.583333333333333,24
5076,4.275,20
5077,3.297872340425532,47
5078,4.0,109
5079,3.519230769230769,52
5080,3.086021505376344,93
5081,4.683760683760684,117
5082,4.423469387755102,196
5083,3.107638888888889,144
5084,4.265625,32
5085,3.8721804511278197,133
5086,4.4,20
5087,4.128378378378378,148
5088,3.921875,32
5089,3.6941176470588237,85
5090,3.451923076923077,52
5091,4.027777777777778,36
5092,2.857142857142857,21
5093,4.675,80
5094,4.317460317460317,252
5095,3.5132743362831858,113
5096,3.6,20
5097,4.079545454545454,88
5098,3.9527027027027026,74
5099,3.49009900990099,101
5100,3.689655172413793,29
5101,3.1576354679802954,203
5102,3.5681818181818183,22
5103,3.4516129032258065,31
5104,3.963768115942029,69
5105,3.3017241379310347,232
5106,3.2982456140350878,114
5107,3.4,80
5108,3.3195876288659796,97
5109,2.8016528925619837,121
5110,4.0,22
5111,3.6666666666666665,24
5112,3.7241379310344827,29
5113,3.2420091324200913,219
5114,2.9093644227153064,2659
5115,4.054794520547945,73
5116,4.578947368421052,38
5117,3.764705882352941,68
5118,3.2406876790830945,349
5119,3.546283309957924,713
5120,3.5434083601286175,311
5121,3.933333333333333,30
5122,4.100401606425703,249
5123,3.340909090909091,44
5124,3.216666666666667,60
5125,2.8974358974358974,39
5126,3.4415011037527594,906
5127,4.423913043478261,92
5128,2.055045871559633,109
5129,4.0,162
5130,3.4761904761904763,21
5131,3.763157894736842,95
5132,3.8300970873786406,103
5133,3.2984031936127742,501
5134,3.3448275862068964,29
5135,2.659133709981168,531
5136,3.3703703703703702,81
5137,3.689189189189189,259
5138,4.273972602739726,73
5139,3.192047377326565,591
5140,3.310344827586207,29
5141,4.680851063829787,47
5142,3.9307692307692306,65
5143,4.0813953488372094,43
5144,3.6644832605531295,687
5145,3.9423076923076925,52
5146,3.630566801619433,494
5147,3.6049382716049383,162
5148,3.28125,32
5149,4.25,304
5150,2.4926470588235294,68
5151,3.5828220858895707,163
5152,3.6305732484076434,157
5153,3.59954233409611,874
5154,3.8333333333333335,24
5155,4.275,20
5156,3.9583333333333335,24
5157,3.627906976744186,43
5158,3.1724137931034484,29
5159,4.139784946236559,93
5160,2.8095238095238093,21
5161,2.103448275862069,29
5162,2.45,20
5163,4.093220338983051,59
5164,4.111111111111111,36
5165,3.8352601156069364,173
5166,4.0,358
5167,3.313953488372093,172
5168,3.5416666666666665,48
5169,3.15,40
5170,4.594444444444444,90
5171,4.52,25
5172,4.0,119
5173,3.527027027027027,37
5174,3.4076923076923076,65
5175,3.4791666666666665,24
5176,3.7333333333333334,60
5177,4.1443569553805775,381
5178,4.375,44
5179,4.384615384615385,26
5180,3.8357933579335795,271
5181,3.642857142857143,28
5182,3.078373015873016,504
5183,3.545801526717557,1048
5184,3.9615384615384617,52
5185,2.3333333333333335,24
5186,3.0625,24
5187,3.4819277108433737,83
5188,3.76271186440678,59
5189,3.375,80
5190,4.232394366197183,142
5191,3.411764705882353,85
5192,3.4423076923076925,52
5193,3.3636363636363638,88
5194,3.310810810810811,37
5195,3.1108786610878663,1195
5196,3.4277777777777776,270
5197,3.6704545454545454,44
5198,3.814516129032258,62
5199,4.318181818181818,44
5200,3.140909090909091,110
5201,2.7905982905982905,936
5202,3.974264705882353,272
5203,3.5,36
5204,3.3118811881188117,202
5205,3.603448275862069,116
5206,4.14245810055866,179
5207,3.79375,80
5208,3.7,30
5209,3.6598984771573604,197
5210,2.5,24
5211,3.7611940298507465,268
5212,3.380952380952381,21
5213,3.5285714285714285,140
5214,3.672199170124481,241
5215,2.645098039215686,765
5216,4.363636363636363,132
5217,3.8187919463087248,149
5218,4.44,50
5219,3.9012345679012346,81
5220,4.0,22
5221,3.067105263157895,380
5222,3.6044776119402986,402
5223,4.125,20
5224,3.6233766233766236,154
5225,3.4942528735632186,87
5226,3.6527777777777777,36
5227,3.588235294117647,34
5228,3.9166666666666665,60
5229,3.875,32
5230,3.197160883280757,317
5231,3.9,60
5232,3.8981481481481484,54
5233,3.5342465753424657,73
5234,2.95,40
5235,4.515151515151516,33
5236,4.217741935483871,62
5237,3.7653061224489797,196
5238,3.8958333333333335,48
5239,4.185654008438819,237
5240,4.038167938931298,131
5241,3.173076923076923,26
5242,2.8166431593794075,709
5243,3.1944444444444446,36
5244,4.044871794871795,156
5245,3.7541966426858515,417
5246,3.518796992481203,266
5247,3.1903846153846156,260
5248,3.76,25
5249,3.975,40
5250,3.4363636363636365,165
5251,4.109589041095891,146
5252,3.0694444444444446,72
5253,3.4451827242524917,301
5254,3.8219178082191783,73
5255,3.711267605633803,71
5256,3.8,55
5257,3.5106382978723403,47
5258,3.693548387096774,62
5259,3.8372093023255816,172
5260,4.008928571428571,56
5261,2.025,20
5262,4.08,75
5263,3.7884615384615383,26
5264,3.85472972972973,888
5265,3.869565217391304,23
5266,3.388888888888889,54
5267,3.3402255639097747,266
5268,3.7777777777777777,72
5269,3.66793893129771,131
5270,4.568965517241379,87
5271,3.5980392156862746,102
5272,4.1923076923076925,26
5273,3.2823129251700682,147
5274,3.3682634730538923,167
5275,3.669642857142857,336
5276,3.5729166666666665,144
5277,3.909090909090909,22
5278,3.4375,32
5279,3.8674698795180724,83
5280,4.065217391304348,23
5281,3.0077565632458234,838
5282,3.92,25
5283,4.241721854304636,302
5284,4.6395348837209305,43
5285,3.2662337662337664,154
5286,2.880952380952381,21
5287,4.333333333333333,27
5288,3.695230998509687,671
5289,3.393939393939394,33
5290,3.793103448275862,29
5291,3.606,250
5292,3.72,25
5293,3.8333333333333335,30
5294,3.3015873015873014,63
5295,3.5,36
5296,3.3714285714285714,35
5297,3.2037037037037037,54
5298,3.8822269807280514,467
5299,3.2521929824561404,684
5300,3.1627906976744184,172
5301,3.635514018691589,107
5302,3.364130434782609,184
5303,3.168831168831169,77
5304,3.921875,32
5305,4.014285714285714,35
5306,3.3363636363636364,165
5307,3.268292682926829,41
5308,3.8983050847457625,59
5309,3.9545454545454546,44
5310,4.090909090909091,22
5311,3.5806451612903225,31
5312,3.4705882352941178,51
5313,4.064102564102564,39
5314,3.731707317073171,41
5315,2.975,20
5316,4.304,125
5317,4.095238095238095,42
5318,3.3252032520325203,123
5319,4.464705882352941,85
5320,4.416,125
5321,3.086021505376344,93
5322,2.187163720215219,1301
5323,3.6904761904761907,42
5324,3.233050847457627,118
5325,3.7,20
5326,3.5217391304347827,69
5327,3.746268656716418,335
5328,2.840909090909091,110
5329,2.9698795180722892,498
5330,3.8846153846153846,26
5331,3.4516129032258065,31
5332,3.9166666666666665,42
5333,3.6666666666666665,21
5334,3.39,100
5335,3.6786703601108033,361
5336,3.7714285714285714,35
5337,3.1065573770491803,61
5338,3.490566037735849,53
5339,3.5163316582914574,398
5340,3.659090909090909,44
5341,4.633333333333334,30
5342,3.6842105263157894,38
5343,3.925531914893617,94
5344,3.6458333333333335,24
5345,3.9166666666666665,186
5346,3.43935119887165,709
5347,3.203271028037383,214
5348,2.6984126984126986,189
5349,3.403550295857988,845
5350,4.811320754716981,53
5351,3.792332268370607,313
5352,3.535573122529644,253
5353,3.326530612244898,49
5354,3.253731343283582,335
5355,3.875,24
5356,3.9782608695652173,23
5357,3.433333333333333,30
5358,3.648936170212766,47
5359,2.854922279792746,193
5360,4.305084745762712,59
5361,3.903225806451613,62
5362,3.6777777777777776,45
5363,4.1,20
5364,3.5434782608695654,46
5365,3.7363636363636363,55
5366,3.4054054054054053,111
5367,3.2049180327868854,122
5368,4.431924882629108,426
5369,4.027777777777778,36
5370,3.467821782178218,404
5371,3.45578231292517,294
5372,2.566666666666667,60
5373,3.3082865168539324,712
5374,3.6266666666666665,75
5375,4.057377049180328,61
5376,3.071510957324106,867
5377,3.8226600985221677,609
5378,4.304878048780488,41
5379,3.7142857142857144,28
5380,3.8137254901960786,102
5381,3.8658536585365852,41
5382,3.842857142857143,35
5383,3.8421052631578947,57
5384,3.2956521739130435,115
5385,3.1782178217821784,101
5386,3.25,20
5387,4.452702702702703,74
5388,3.538240917782027,523
5389,4.066666666666666,30
5390,3.98989898989899,99
5391,3.8020833333333335,48
5392,3.0705300988319855,1113
5393,2.84375,880
5394,3.1052631578947367,171
5395,3.7884615384615383,26
5396,3.3488805970149254,268
5397,3.8520408163265305,98
5398,3.8947368421052633,57
5399,3.375,120
5400,2.911849710982659,346
5401,3.524390243902439,41
5402,3.5775058275058274,858
5403,3.78125,48
5404,4.209905660377358,212
5405,4.491525423728813,59
5406,3.9655172413793105,29
5407,4.101694915254237,59
5408,3.688888888888889,90
5409,3.5555555555555554,36
5410,3.330508474576271,59
5411,3.2051282051282053,39
5412,4.4423076923076925,26
5413,3.365785813630042,719
5414,3.761904761904762,21
5415,3.935483870967742,31
5416,3.6744186046511627,43
5417,3.294776119402985,268
5418,3.7934782608695654,46
5419,3.857142857142857,42
5420,4.703947368421052,76
5421,3.1875,32
5422,3.817073170731707,41
5423,3.51,100
5424,3.0625,400
5425,4.0,27
5426,2.847022587268994,487
5427,3.3142857142857145,140
5428,3.888888888888889,54
5429,3.764705882352941,34
5430,3.380952380952381,21
5431,3.168141592920354,113
5432,4.188118811881188,101
5433,3.9318181818181817,22
5434,4.081818181818182,55
5435,3.7738095238095237,42
5436,3.642292490118577,253
5437,4.066666666666666,30
5438,3.1237864077669903,412
5439,2.4523809523809526,21
5440,3.520618556701031,194
5441,3.675796178343949,785
5442,3.8679245283018866,53
5443,3.56140350877193,57
5444,3.7567567567567566,37
5445,4.172413793103448,116
5446,2.505,200
5447,3.3333333333333335,42
5448,3.6666666666666665,159
5449,3.5525114155251143,219
5450,3.7111111111111112,90
5451,3.2830188679245285,53
5452,3.869090909090909,275
5453,4.173913043478261,23
5454,4.125,76
5455,4.099056603773585,106
5456,4.148648648648648,74
5457,3.9,20
5458,3.9,195
5459,4.020833333333333,24
5460,3.7797619047619047,420
5461,4.159090909090909,22
5462,3.002173913043478,690
5463,3.679,500
5464,3.546341463414634,205
5465,3.1780821917808217,657
5466,3.5569620253164556,79
5467,3.230769230769231,52
5468,4.052083333333333,240
5469,4.193493150684931,292
5470,2.606282722513089,955
5471,3.6416666666666666,180
5472,4.455223880597015,67
5473,3.6315789473684212,57
5474,3.9545454545454546,88
5475,3.4,225
5476,3.673076923076923,52
5477,4.181818181818182,66
5478,4.0,27
5479,3.53,150
5480,3.5875,40
5481,2.5555555555555554,27
5482,4.2265625,256
5483,3.903470715835141,461
5484,3.4583333333333335,24
5485,3.389830508474576,59
5486,4.277777777777778,27
5487,4.5,31
5488,4.267857142857143,56
5489,3.9405286343612334,227
5490,3.7596153846153846,104
5491,4.401408450704225,71
5492,3.5217391304347827,46
5493,3.1826625386996903,323
5494,3.8229166666666665,96
5495,3.1578231292517005,735
5496,3.6515151515151514,66
5497,4.172413793103448,29
5498,3.893617021276596,47
5499,3.638888888888889,126
5500,3.891304347826087,23
5501,3.2857142857142856,105
5502,3.4791666666666665,24
5503,3.100220264317181,454
5504,3.911764705882353,34
5505,3.3529411764705883,34
5506,3.664,125
5507,4.290322580645161,62
5508,4.60377358490566,53
5509,3.115625,160
5510,3.61,50
5511,3.781716417910448,268
5512,3.7,20
5513,2.814814814814815,27
5514,3.173501577287066,317
5515,3.216666666666667,60
5516,4.198412698412699,63
5517,3.5168539325842696,89
5518,3.75,40
5519,3.796875,160
5520,3.325,60
5521,3.856115107913669,278
5522,2.858974358974359,39
5523,3.632701421800948,211
5524,3.280075187969925,266
5525,3.2522522522522523,111
5526,3.5676923076923077,325
5527,4.018518518518518,27
5528,3.03125,32
5529,3.057894736842105,95
5530,2.8404907975460123,163
5531,3.8684210526315788,152
5532,3.68,75
5533,3.5655737704918034,61
5534,3.576923076923077,26
5535,3.0616438356164384,146
5536,3.4622093023255816,344
5537,3.1296296296296298,27
5538,3.175,20
5539,3.375,20
5540,3.8444444444444446,45
5541,3.6741573033707864,267
5542,3.54,50
5543,3.8609022556390977,133
5544,3.257575757575758,33
5545,3.8244274809160306,131
5546,3.743362831858407,113
5547,3.9380952380952383,105
5548,5.0,31
5549,3.314236111111111,288
5550,3.895348837209302,86
5551,4.613636363636363,44
5552,3.0,24
5553,3.7314814814814814,108
5554,3.630952380952381,42
5555,4.173913043478261,23
5556,4.170212765957447,47
5557,3.92,75
5558,4.061302681992337,261
5559,4.108695652173913,23
5560,4.0625,96
5561,3.525,20
5562,3.9657534246575343,146
5563,3.9615384615384617,26
5564,3.45,20
5565,4.496710526315789,152
5566,4.483870967741935,31
5567,3.846774193548387,124
5568,3.5365853658536586,41
5569,3.9375,32
5570,3.611111111111111,36
5571,4.041666666666667,24
5572,3.8893838158871565,2694
5573,4.21875,32
5574,4.16,25
5575,2.9583333333333335,48
5576,4.192,125
5577,3.3143297380585515,649
5578,3.728395061728395,81
5579,2.880952380952381,21
5580,4.211267605633803,71
5581,4.109756097560975,41
5582,4.18125,80
5583,4.329207920792079,202
5584,1.875,20
5585,3.9545454545454546,22
5586,4.2,20
5587,3.2567567567567566,74
5588,4.05774647887324,355
5589,3.494186046511628,86
5590,3.4422680412371136,485
5591,4.710344827586207,145
5592,3.3333333333333335,45
5593,3.5901639344262297,61
5594,3.015873015873016,63
5595,3.6029411764705883,34
5596,4.575,120
5597,3.566326530612245,392
5598,2.35,20
5599,3.925,80
5600,3.3,50
5601,3.215909090909091,132
5602,3.804,250
5603,2.0625,128
5604,4.069444444444445,72
5605,3.9066666666666667,150
5606,3.8051948051948052,77
5607,3.903225806451613,31
5608,4.288461538461538,104
5609,3.375,20
5610,3.558139534883721,43
5611,3.1666666666666665,30
5612,3.0434782608695654,23
5613,3.4292452830188678,106
5614,3.8260869565217392,23
5615,3.151206636500754,1326
5616,3.5625,32
5617,3.6444444444444444,45
5618,2.9347826086956523,23
5619,2.9431818181818183,44
5620,3.8365384615384617,52
5621,3.462686567164179,67
5622,3.5,224
5623,3.962962962962963,54
5624,3.658536585365854,82
5625,4.239583333333333,96
5626,3.0952380952380953,21
5627,3.2796976241900646,463
5628,4.157534246575342,73
5629,3.139423076923077,208
5630,4.200564971751413,354
5631,3.880434782608696,46
5632,4.785714285714286,21
5633,4.27906976744186,43
5634,3.6974522292993632,157
5635,2.591078066914498,269
5636,3.357142857142857,28
5637,4.127906976744186,43
5638,3.34375,48
5639,4.2407407407407405,27
5640,4.496296296296296,135
5641,4.178571428571429,28
5642,4.212765957446808,94
5643,4.459770114942529,87
5644,3.2919254658385095,161
5645,4.102941176470588,34
5646,3.985294117647059,68
5647,3.85,40
5648,4.75,24
5649,3.025,20
5650,2.4761904761904763,21
5651,3.697674418604651,43
5652,3.935244161358811,471
5653,3.7857142857142856,56
5654,3.9202127659574466,188
5655,3.4,25
5656,3.4632516703786194,449
5657,3.38,25
5658,3.610169491525424,118
5659,3.10912343470483,559
5660,3.8666666666666667,30
5661,4.045454545454546,44
5662,4.071153846153846,260
5663,4.044117647058823,34
5664,3.8076923076923075,26
5665,4.090909090909091,22
5666,3.8885245901639345,305
5667,3.54,50
5668,4.166666666666667,21
5669,3.255813953488372,43
5670,3.8286604361370715,321
5671,3.9682539682539684,63
5672,3.8950437317784257,343
5673,3.3636363636363638,44
5674,4.201388888888889,72
5675,3.739130434782609,23
5676,4.457142857142857,35
5677,3.857142857142857,21
5678,3.111111111111111,63
5679,3.420289855072464,276
5680,3.857142857142857,28
5681,4.299065420560748,107
5682,4.044444444444444,45
5683,4.43,50
5684,3.1557971014492754,276
5685,2.9318181818181817,44
5686,3.9006622516556293,151
5687,4.357142857142857,28
5688,3.61875,160
5689,4.292134831460674,178
5690,3.537878787878788,132
5691,3.3142857142857145,35
5692,3.3204134366925064,774
5693,3.42798353909465,486
5694,3.0834621329211744,1294
5695,3.6047120418848166,191
5696,3.449074074074074,108
5697,3.8333333333333335,21
5698,3.840909090909091,44
5699,3.9683098591549295,142
5700,3.5927835051546393,97
5701,4.409090909090909,22
5702,3.9782608695652173,23
5703,3.9047619047619047,147
5704,4.257575757575758,33
5705,4.5,143
5706,3.96398891966759,361
5707,2.581935483870968,775
5708,4.042253521126761,71
5709,4.307017543859649,57
5710,3.8260105448154658,569
5711,3.370967741935484,31
5712,4.289156626506024,249
5713,4.406403940886699,203
5714,3.5149638802889576,969
5715,3.369918699186992,123
5716,3.990049751243781,201
5717,3.858974358974359,156
5718,3.625,20
5719,3.9642857142857144,28
5720,4.475,20
5721,4.090909090909091,22
5722,3.220472440944882,127
5723,3.269230769230769,26
5724,3.4854368932038833,103
5725,4.316666666666666,30
5726,4.076923076923077,26
5727,3.4156928213689484,599
5728,3.6788990825688073,109
5729,3.324786324786325,117
5730,3.8333333333333335,45
5731,3.341246290801187,337
5732,1.85,20
5733,2.6,20
5734,3.9696969696969697,99
5735,4.5,74
5736,4.151515151515151,66
5737,3.893939393939394,33
5738,3.393103448275862,145
5739,3.7911392405063293,316
5740,4.197916666666667,48
5741,3.496598639455782,147
5742,2.6445940078158925,2303
5743,4.203947368421052,76
5744,4.066666666666666,30
5745,4.186206896551724,145
5746,2.973684210526316,38
5747,3.8181818181818183,22
5748,4.130434782608695,23
5749,4.083333333333333,168
5750,3.619047619047619,84
5751,3.735042735042735,117
5752,4.137931034482759,29
5753,3.1041666666666665,48
5754,3.6009615384615383,104
5755,4.041152263374485,243
5756,3.3230769230769233,65
5757,4.011299435028248,177
5758,3.8482758620689657,145
5759,3.4893617021276597,47
5760,3.542372881355932,59
5761,2.9672131147540983,61
5762,3.4464831804281344,327
5763,4.079831932773109,119
5764,4.1020408163265305,245
5765,4.166666666666667,24
5766,2.86,25
5767,4.206730769230769,104
5768,3.581081081081081,74
5769,3.840909090909091,66
5770,3.365079365079365,63
5771,3.4419642857142856,112
5772,3.5277777777777777,36
5773,3.5,20
5774,3.006849315068493,146
5775,3.8157894736842106,76
5776,3.803921568627451,51
5777,4.17948717948718,39
5778,3.3625,40
5779,3.303030303030303,33
5780,2.8901996370235934,551
5781,3.7484848484848485,165
5782,3.8867924528301887,53
5783,3.912442396313364,651
5784,3.4011799410029497,339
5785,3.75,260
5786,3.8815028901734103,173
5787,3.6136363636363638,220
5788,3.9634146341463414,41
5789,3.25,24
5790,3.161111111111111,90
5791,4.125,24
5792,3.020231213872832,173
5793,4.203703703703703,27
5794,5.0,33
5795,3.7756410256410255,78
5796,3.632183908045977,87
5797,2.826923076923077,26
5798,4.276315789473684,38
5799,3.5441176470588234,102
5800,3.802325581395349,172
5801,4.925287356321839,87
5802,3.4130434782608696,230
5803,3.8181818181818183,187
5804,3.5422535211267605,71
5805,3.2976190476190474,84
5806,4.056701030927835,97
5807,2.88050930460333,1021
5808,3.3885869565217392,184
5809,4.544117647058823,136
5810,3.942857142857143,35
5811,4.0,26
5812,3.6666666666666665,45
5813,3.6910569105691056,246
5814,4.0291479820627805,223
5815,3.4545454545454546,33
5816,3.8076923076923075,26
5817,3.780701754385965,228
5818,3.8383838383838382,99
5819,4.629370629370629,143
5820,4.453125,32
5821,0.5,21
5822,3.789795918367347,245
5823,4.265625,32
5824,3.9464285714285716,56
5825,3.775,20
5826,3.5166666666666666,60
5827,3.4038461538461537,26
5828,2.9322033898305087,59
5829,3.8507462686567164,201
5830,2.9404761904761907,42
5831,4.454545454545454,33
5832,3.32,25
5833,3.6,45
5834,3.368181818181818,110
5835,4.23015873015873,63
5836,4.0625,64
5837,3.869565217391304,69
5838,3.765891472868217,645
5839,4.125,32
5840,3.3645833333333335,48
5841,4.064516129032258,31
5842,4.131147540983607,305
5843,3.4074074074074074,27
5844,3.5313765182186234,988
5845,3.4,65
5846,4.196428571428571,168
5847,3.35978835978836,189
5848,2.62475442043222,509
5849,3.967741935483871,31
5850,3.908805031446541,159
5851,3.6666666666666665,21
5852,2.8846153846153846,312
5853,4.4411764705882355,34
5854,3.5765625,320
5855,2.50709219858156,141
5856,3.66,25
5857,3.331236897274633,477
5858,3.8767605633802815,142
5859,3.2264150943396226,53
5860,2.9197475202885483,1109
5861,3.8456375838926173,149
5862,2.272222222222222,180
5863,3.6756954612005854,683
5864,3.3941176470588235,85
5865,3.0018761726078798,1066
5866,4.447115384615385,104
5867,3.16412213740458,262
5868,2.275,20
5869,3.725,20
5870,2.7934782608695654,368
5871,3.895348837209302,43
5872,3.975862068965517,580
5873,3.102713178294574,258
5874,3.8636363636363638,110
5875,3.5833333333333335,36
5876,3.9,20
5877,4.633333333333334,30
5878,3.6467741935483873,310
5879,4.071428571428571,168
5880,3.5904761904761906,105
5881,3.2723880597014925,134
5882,4.12406015037594,133
5883,3.6944444444444446,36
5884,3.586206896551724,29
5885,3.268181818181818,220
5886,4.337301587301587,126
5887,3.8454545454545452,55
5888,2.65,20
5889,4.146464646464646,99
5890,3.5454545454545454,55
5891,4.071428571428571,133
5892,3.9047619047619047,21
5893,3.775,80
5894,3.75,70
5895,4.0576923076923075,26
5896,4.223684210526316,38
5897,2.572289156626506,249
5898,3.2533333333333334,150
5899,3.7295373665480427,281
5900,3.4583333333333335,60
5901,4.484848484848484,33
5902,3.210526315789474,38
5903,3.9537037037037037,54
5904,3.8076923076923075,26
5905,3.9130434782608696,46
5906,3.923076923076923,26
5907,4.161764705882353,34
5908,4.142857142857143,21
5909,3.7419354838709675,31
5910,4.0825,200
5911,3.7361702127659573,235
5912,3.5248618784530388,181
5913,3.845528455284553,123
5914,4.12,25
5915,3.891891891891892,37
5916,3.032258064516129,31
5917,4.28,25
5918,4.041666666666667,24
5919,3.242424242424242,33
5920,3.3333333333333335,24
5921,2.689655172413793,29
5922,3.712,125
5923,4.4,20
5924,4.1875,24
5925,3.96,75
5926,4.190476190476191,105
5927,2.980769230769231,26
5928,3.3121387283236996,346
5929,3.9411764705882355,34
5930,4.478260869565218,23
5931,3.630434782608696,46
5932,4.35,30
5933,3.473684210526316,38
5934,2.8958333333333335,24
5935,3.777027027027027,74
5936,4.470833333333333,120
5937,3.8655913978494625,93
5938,4.095744680851064,47
5939,3.1676384839650145,343
5940,3.6672185430463577,302
5941,3.9615384615384617,104
5942,3.5913978494623655,93
5943,3.4885057471264367,261
5944,3.2903225806451615,31
5945,3.625,100
5946,3.486111111111111,72
5947,3.2222222222222223,117
5948,4.0,279
5949,3.9583333333333335,24
5950,3.2666666666666666,150
5951,3.0598290598290596,117
5952,3.7804878048780486,123
5953,4.016666666666667,120
5954,3.238095238095238,21
5955,4.067857142857143,140
5956,3.909090909090909,66
5957,3.9285714285714284,56
5958,3.1463414634146343,41
5959,3.78125,32
5960,3.97,50
5961,3.616504854368932,103
5962,3.1763005780346822,173
5963,3.619047619047619,21
5964,3.2576601671309193,718
5965,3.9301470588235294,272
5966,3.6333333333333333,60
5967,3.357142857142857,56
5968,3.657142857142857,35
5969,3.4424778761061945,113
5970,2.3607954545454546,176
5971,3.0,76
5972,4.09349593495935,123
5973,3.3617021276595747,47
5974,4.071428571428571,189
5975,2.984848484848485,264
5976,3.22,50
5977,3.6666666666666665,24
5978,4.095505617977528,267
5979,2.6188524590163933,244
5980,3.293388429752066,605
5981,3.5444444444444443,270
5982,3.8780487804878048,82
5983,3.457627118644068,59
5984,3.786184210526316,152
5985,4.016129032258065,62
5986,3.5,30
5987,4.77906976744186,215
5988,3.102880658436214,243
5989,3.664429530201342,149
5990,3.8809318377911994,1159
5991,3.8970588235294117,34
5992,4.928571428571429,56
5993,4.03125,32
5994,3.5264900662251657,151
5995,3.8767123287671232,73
5996,2.4078014184397163,141
5997,2.9577464788732395,71
5998,2.55,20
5999,4.016,125
6000,3.139506172839506,810
6001,3.8620689655172415,29
6002,3.6451612903225805,31
6003,4.3875,40
6004,4.453947368421052,76
6005,3.8703703703703702,54
6006,4.398305084745763,59
6007,3.4782608695652173,23
6008,3.736842105263158,38
6009,3.3686868686868685,99
6010,2.813953488372093,43
6011,3.4627659574468086,188
6012,3.255663430420712,309
6013,4.179775280898877,89
6014,4.619047619047619,105
6015,3.5825242718446604,103
6016,3.096885813148789,289
6017,3.9740259740259742,77
6018,4.327586206896552,145
6019,3.479949874686717,399
6020,3.5090909090909093,110
6021,2.7359249329758715,373
6022,4.428571428571429,28
6023,4.571428571428571,63
6024,3.173469387755102,98
6025,3.1468253968253967,756
6026,3.723684210526316,38
6027,3.7933673469387754,196
6028,3.342857142857143,35
6029,3.616255144032922,486
6030,3.576923076923077,78
6031,3.257425742574257,202
6032,3.347826086956522,23
6033,3.8905990016638934,1202
6034,4.166666666666667,24
6035,4.0875,40
6036,3.9661016949152543,59
6037,3.757575757575758,33
6038,2.752608047690015,1342
6039,3.5919220055710306,718
6040,3.481989708404803,583
6041,3.730769230769231,26
6042,2.857142857142857,119
6043,3.2375,80
6044,3.3253968253968256,63
6045,3.26,25
6046,3.308139534883721,86
6047,4.214285714285714,112
6048,3.5943396226415096,53
6049,3.2,25
6050,3.079710144927536,207
6051,4.111111111111111,27
6052,3.311926605504587,109
6053,4.076923076923077,26
6054,4.05,20
6055,3.735294117647059,34
6056,4.15,20
6057,2.575,20
6058,3.2821052631578946,475
6059,4.363636363636363,22
6060,4.346153846153846,26
6061,3.4174757281553396,103
6062,3.2285714285714286,35
6063,3.0750388802488335,1286
6064,3.9489795918367347,196
6065,3.4114583333333335,384
6066,3.4486301369863015,292
6067,4.102564102564102,39
6068,4.042105263157895,95
6069,3.539325842696629,89
6070,3.7241379310344827,29
6071,1.619047619047619,21
6072,3.8,45
6073,4.096774193548387,31
6074,3.7948717948717947,78
6075,3.7586206896551726,116
6076,3.5256410256410255,39
6077,3.0319148936170213,1222
6078,3.6666666666666665,24
6079,2.972543352601156,346
6080,4.1,20
6081,3.9871794871794872,39
6082,3.765625,32
6083,3.3945578231292517,441
6084,3.423076923076923,65
6085,3.377659574468085,94
6086,3.888888888888889,36
6087,3.3214285714285716,28
6088,3.4310344827586206,29
6089,3.5689655172413794,174
6090,3.279503105590062,161
6091,4.5285714285714285,35
6092,3.919491525423729,118
6093,3.375,32
6094,3.7936507936507935,63
6095,4.8108108108108105,37
6096,4.076923076923077,39
6097,4.0227272727272725,44
6098,3.830357142857143,448
6099,3.652173913043478,69
6100,3.1821192052980134,453
6101,3.975609756097561,41
6102,3.6682926829268294,205
6103,3.775,40
6104,3.6182065217391304,368
6105,3.35,20
6106,4.027027027027027,37
6107,2.909090909090909,22
6108,3.541284403669725,109
6109,3.2666666666666666,30
6110,3.46,25
6111,3.3484848484848486,66
6112,3.55,20
6113,3.6724137931034484,29
6114,3.8863636363636362,88
6115,3.5337361530715006,993
6116,3.484375,128
6117,4.178217821782178,101
6118,4.163754480286738,2232
6119,3.8214285714285716,28
6120,4.365384615384615,52
6121,4.418803418803419,117
6122,3.734567901234568,162
6123,3.877551020408163,98
6124,4.12280701754386,57
6125,3.5259740259740258,77
6126,3.6333333333333333,30
6127,3.1973684210526314,152
6128,4.265822784810126,79
6129,3.8095238095238093,21
6130,3.312111801242236,644
6131,3.5843023255813953,172
6132,2.696,125
6133,3.76,25
6134,3.366412213740458,262
6135,3.475,320
6136,3.75,22
6137,3.3823529411764706,34
6138,3.9895833333333335,144
6139,3.6,95
6140,3.2666666666666666,30
6141,3.6666666666666665,27
6142,3.2386363636363638,176
6143,3.697674418604651,43
6144,3.725,20
6145,4.438679245283019,106
6146,3.590909090909091,110
6147,3.793956043956044,182
6148,4.211111111111111,90
6149,3.8415841584158414,101
6150,3.7419354838709675,93
6151,3.5172413793103448,29
6152,4.379213483146067,178
6153,3.9448398576512456,281
6154,3.7586206896551726,464
6155,3.4782608695652173,23
6156,3.4010695187165774,187
6157,3.4298029556650245,406
6158,3.5921052631578947,152
6159,3.24,25
6160,4.260869565217392,23
6161,4.045454545454546,22
6162,3.570673712021136,757
6163,4.142857142857143,49
6164,4.575342465753424,73
6165,4.36,50
6166,3.8125,24
6167,3.696969696969697,99
6168,3.04040404040404,99
6169,4.291666666666667,48
6170,3.080808080808081,198
6171,2.8870967741935485,62
6172,4.139705882352941,68
6173,3.2319148936170214,470
6174,2.757238307349666,449
6175,3.617094017094017,585
6176,4.04,225
6177,3.873015873015873,126
6178,3.5762711864406778,59
6179,4.037037037037037,216
6180,3.4833333333333334,30
6181,3.542207792207792,154
6182,3.864864864864865,74
6183,4.764705882352941,119
6184,4.978857142857143,875
6185,4.5,35
6186,3.920138888888889,144
6187,3.4328358208955225,134
6188,2.8663171690694624,763
6189,3.5838509316770186,161
6190,2.9393939393939394,330
6191,4.052631578947368,38
6192,3.8970588235294117,68
6193,4.040322580645161,62
6194,3.95,20
6195,3.625,44
6196,3.0240384615384617,208
6197,3.3125,48
6198,3.5454545454545454,77
6199,3.65,80
6200,4.258064516129032,31
6201,4.358108108108108,148
6202,3.875,32
6203,3.9814814814814814,27
6204,3.696969696969697,33
6205,3.672727272727273,55
6206,3.515151515151515,33
6207,3.3455882352941178,68
6208,3.3952569169960474,253
6209,4.768518518518518,54
6210,3.764705882352941,68
6211,3.446308724832215,149
6212,3.7205882352941178,34
6213,3.5652173913043477,46
6214,3.854368932038835,103
6215,3.739795918367347,98
6216,4.324324324324325,37
6217,3.009981851179673,551
6218,2.989406779661017,236
6219,3.7338709677419355,186
6220,3.6226415094339623,53
6221,3.8189655172413794,58
6222,3.8260869565217392,23
6223,3.1526104417670684,249
6224,3.5833333333333335,138
6225,3.176470588235294,34
6226,2.9148936170212765,47
6227,4.704545454545454,22
6228,3.411764705882353,34
6229,3.63953488372093,43
6230,3.363095238095238,168
6231,2.925,20
6232,4.636363636363637,22
6233,3.735955056179775,178
6234,3.8214285714285716,28
6235,4.0,25
6236,3.797202797202797,143
6237,2.8232876712328765,730
6238,3.7476635514018692,214
6239,3.265472312703583,614
6240,3.644230769230769,52
6241,3.375,36
6242,3.6818181818181817,55
6243,2.69672131147541,305
6244,3.545751633986928,612
6245,3.6041666666666665,144
6246,3.2115384615384617,52
6247,3.9705882352941178,391
6248,3.8347547974413647,469
6249,3.61231884057971,138
6250,4.145833333333333,96
6251,4.27,50
6252,3.689189189189189,74
6253,4.401408450704225,71
6254,4.182539682539683,63
6255,3.611111111111111,27
6256,3.6904761904761907,84
6257,3.75,62
6258,3.856230031948882,313
6259,3.2708333333333335,24
6260,3.206896551724138,29
6261,3.2074468085106385,94
6262,3.027027027027027,37
6263,2.5396825396825395,63
6264,4.226666666666667,75
6265,4.625,20
6266,3.6,95
6267,3.6944444444444446,36
6268,3.3870967741935485,248
6269,3.35,20
6270,3.676470588235294,34
6271,3.9613636363636364,440
6272,3.104761904761905,315
6273,3.4292929292929295,198
6274,4.0,171
6275,4.438144329896907,97
6276,3.963199513381995,1644
6277,4.463768115942029,69
6278,3.3949579831932772,119
6279,3.891304347826087,46
6280,3.789855072463768,138
6281,3.407514450867052,173
6282,3.125,20
6283,3.6904761904761907,42
6284,3.824324324324324,37
6285,2.4441323345817727,1602
6286,4.373015873015873,63
6287,2.96,25
6288,3.608695652173913,23
6289,3.8363636363636364,55
6290,3.9935064935064934,154
6291,3.642857142857143,28
6292,4.2727272727272725,33
6293,4.967948717948718,78
6294,4.041666666666667,36
6295,3.4672131147540983,122
6296,4.197452229299363,157
6297,3.46875,64
6298,3.35,20
6299,3.4683544303797467,79
6300,4.328571428571428,35
6301,3.392857142857143,140
6302,2.9625,40
6303,3.490706319702602,269
6304,3.923076923076923,234
6305,4.416666666666667,48
6306,4.25531914893617,47
6307,3.9285714285714284,28
6308,3.5217391304347827,23
6309,3.3987455197132617,558
6310,4.0476190476190474,84
6311,3.4482758620689653,29
6312,3.971830985915493,213
6313,3.8674698795180724,166
6314,4.115384615384615,26
6315,3.7291666666666665,48
6316,3.8513513513513513,111
6317,3.210526315789474,38
6318,4.2368421052631575,57
6319,3.5,26
6320,3.3625,80
6321,4.2592592592592595,54
6322,4.0,21
6323,4.608695652173913,23
6324,3.75,52
6325,3.7067796610169492,295
6326,3.8,50
6327,3.983240223463687,179
6328,2.6014150943396226,212
6329,3.840909090909091,22
6330,3.111111111111111,126
6331,3.1363636363636362,33
6332,3.4876543209876543,81
6333,3.8947368421052633,57
6334,4.171875,32
6335,3.4444444444444446,90
6336,3.479591836734694,98
6337,3.9906542056074765,107
6338,4.85,30
6339,4.32,50
6340,2.475,20
6341,2.8095238095238093,21
6342,4.022222222222222,45
6343,3.486111111111111,36
6344,3.6501057082452433,473
6345,3.8848684210526314,152
6346,3.84375,32
6347,3.5652173913043477,23
6348,3.7724719101123596,178
6349,3.4878048780487805,41
6350,3.0652173913043477,23
6351,3.9233038348082596,339
6352,3.888888888888889,81
6353,3.4456375838926174,1490
6354,3.7135922330097086,206
6355,3.239130434782609,23
6356,3.3820224719101124,89
6357,4.16597510373444,241
6358,4.242774566473988,173
6359,3.484848484848485,198
6360,2.763157894736842,38
6361,4.145038167938932,131
6362,3.5665236051502145,233
6363,3.323529411764706,102
6364,3.443452380952381,336
6365,3.9346733668341707,199
6366,3.962962962962963,27
6367,4.8076923076923075,26
6368,3.6261682242990654,214
6369,3.6203703703703702,108
6370,3.127906976744186,43
6371,3.6296296296296298,27
6372,4.584905660377358,53
6373,3.7164502164502164,231
6374,4.11340206185567,97
6375,3.443661971830986,142
6376,3.92,50
6377,3.3157894736842106,38
6378,4.448275862068965,29
6379,3.8793103448275863,58
6380,4.236111111111111,36
6381,4.173076923076923,52
6382,3.6323529411764706,68
6383,3.3863636363636362,22
6384,3.4393939393939394,66
6385,3.8672566371681416,113
6386,3.1,50
6387,3.2686567164179103,201
6388,3.4642857142857144,28
6389,4.085714285714285,35
6390,4.014285714285714,70
6391,3.3271028037383177,107
6392,3.340909090909091,44
6393,4.078635014836795,674
6394,3.3128491620111733,179
6395,4.0546875,512
6396,3.712121212121212,33
6397,3.5106382978723403,47
6398,2.686991869918699,369
6399,2.75,30
6400,3.4827586206896552,87
6401,4.172727272727273,55
6402,3.25,20
6403,3.392857142857143,98
6404,3.9598214285714284,224
6405,3.8866995073891624,203
6406,4.0,30
6407,3.3777777777777778,135
6408,3.75,178
6409,3.8125,40
6410,3.6,25
6411,3.625,24
6412,3.5,29
6413,3.727272727272727,22
6414,4.765625,32
6415,3.6458333333333335,24
6416,3.5625,256
6417,3.4642857142857144,28
6418,3.831818181818182,110
6419,3.848936170212766,235
6420,3.611111111111111,54
6421,4.291666666666667,24
6422,3.8576923076923078,130
6423,3.0264400377714824,1059
6424,3.36734693877551,49
6425,3.7196969696969697,66
6426,4.425531914893617,47
6427,4.835106382978723,94
6428,3.966666666666667,30
6429,3.1742160278745644,287
6430,3.7708333333333335,120
6431,3.8529411764705883,34
6432,4.1911764705882355,136
6433,3.761904761904762,21
6434,3.4492979719188765,641
6435,3.4565217391304346,46
6436,4.35,40
6437,3.981132075471698,53
6438,3.8333333333333335,36
6439,3.111111111111111,27
6440,4.434210526315789,152
6441,4.326086956521739,46
6442,3.25,20
6443,3.041095890410959,219
6444,4.278846153846154,104
6445,3.328054298642534,221
6446,3.720379146919431,211
6447,3.3916083916083917,429
6448,3.784313725490196,204
6449,3.4761904761904763,21
6450,3.1818181818181817,22
6451,4.322222222222222,45
6452,4.250809061488673,309
6453,4.625,28
6454,4.0,23
6455,4.153846153846154,52
6456,3.9353932584269664,178
6457,3.7241379310344827,29
6458,4.6,25
6459,3.6041666666666665,24
6460,4.181318681318682,91
6461,3.6202531645569622,79
6462,3.818709677419355,775
6463,2.765957446808511,47
6464,3.6467391304347827,92
6465,2.953917050691244,217
6466,3.4728682170542635,129
6467,3.66042345276873,614
6468,3.72,25
6469,3.8205128205128207,39
6470,4.169014084507042,71
6471,4.175,40
6472,3.876470588235294,85
6473,4.0,38
6474,3.7142857142857144,77
6475,4.219512195121951,41
6476,4.297872340425532,47
6477,3.189054726368159,201
6478,3.831818181818182,110
6479,2.817241379310345,145
6480,3.23943661971831,71
6481,3.9699570815450644,233
6482,3.8904761904761904,210
6483,3.357142857142857,42
6484,4.328947368421052,38
6485,4.162162162162162,74
6486,2.933333333333333,75
6487,3.3461538461538463,52
6488,3.9166666666666665,24
6489,3.2111111111111112,45
6490,3.575,40
6491,3.123943661971831,355
6492,4.202185792349726,183
6493,3.689873417721519,79
6494,4.261904761904762,42
6495,4.2727272727272725,44
6496,3.5833333333333335,36
6497,2.7413151364764268,1612
6498,3.806451612903226,31
6499,3.9860557768924303,251
6500,3.04,25
6501,4.28494623655914,93
6502,3.9693877551020407,49
6503,3.691326530612245,196
6504,3.981203007518797,399
6505,3.372413793103448,435
6506,3.553030303030303,198
6507,4.180555555555555,108
6508,3.9464285714285716,28
6509,3.466666666666667,45
6510,3.253968253968254,63
6511,3.37910447761194,335
6512,3.9232954545454546,176
6513,3.7193877551020407,98
6514,3.436619718309859,71
6515,3.3125,160
6516,4.3808049535603715,323
6517,3.114886731391586,309
6518,4.13,100
6519,3.696,500
6520,3.456896551724138,58
6521,3.83,100
6522,4.209558823529412,136
6523,4.225,40
6524,3.308641975308642,81
6525,3.5384615384615383,52
6526,4.22972972972973,37
6527,4.055045871559633,109
6528,3.7058823529411766,51
6529,3.6451612903225805,31
6530,3.27027027027027,37
6531,3.089403973509934,151
6532,2.9096459096459095,819
6533,3.4017857142857144,224
6534,4.4363636363636365,55
6535,3.6977611940298507,134
6536,3.0764044943820226,890
6537,3.7134146341463414,82
6538,3.161849710982659,173
6539,3.5277777777777777,36
6540,3.3181818181818183,22
6541,3.159090909090909,22
6542,4.244897959183674,49
6543,4.222222222222222,54
6544,3.64,25
6545,4.053191489361702,94
6546,2.973684210526316,38
6547,3.880952380952381,21
6548,3.925925925925926,27
6549,4.181058495821727,359
6550,2.922325581395349,2150
6551,3.9833333333333334,60
6552,3.761904761904762,21
6553,2.2291371994342293,707
6554,4.0,35
6555,4.256410256410256,156
6556,3.72,25
6557,3.3069306930693068,101
6558,2.5096108766994845,2133
6559,3.75,30
6560,3.5918367346938775,98
6561,2.375,20
6562,2.7666666666666666,45
6563,3.484848484848485,33
6564,4.135593220338983,59
6565,4.163793103448276,116
6566,3.9285714285714284,84
6567,3.08,25
6568,3.6575342465753424,73
6569,4.0,126
6570,3.645038167938931,131
6571,3.0,36
6572,2.6944444444444446,54
6573,3.611111111111111,27
6574,3.8727272727272726,165
6575,4.19811320754717,53
6576,3.968944099378882,161
6577,3.6,35
6578,4.008530183727034,762
6579,4.638888888888889,144
6580,3.5813953488372094,43
6581,4.214285714285714,49
6582,4.823529411764706,51
6583,3.7369477911646585,249
6584,3.3658536585365852,41
6585,3.2790697674418605,43
6586,3.285507246376812,690
6587,3.408366533864542,251
6588,3.086247086247086,429
6589,4.166666666666667,30
6590,3.8372093023255816,43
6591,3.8106796116504853,206
6592,3.183673469387755,49
6593,3.6493506493506493,77
6594,3.8564814814814814,108
6595,3.5,56
6596,4.033333333333333,30
6597,3.0384615384615383,26
6598,3.375,76
6599,4.134920634920635,63
6600,3.744186046511628,43
6601,3.775,40
6602,4.025925925925926,135
6603,3.0331753554502368,211
6604,3.574468085106383,94
6605,3.9125,40
6606,2.3666666666666667,30
6607,3.727777777777778,90
6608,3.9310344827586206,29
6609,4.218120805369128,149
6610,4.205882352941177,34
6611,2.35,20
6612,4.517241379310345,29
6613,2.586206896551724,29
6614,4.0,21
6615,3.742424242424242,264
6616,3.6363636363636362,22
6617,4.104166666666667,24
6618,3.830056179775281,712
6619,3.4324324324324325,74
6620,3.1666666666666665,48
6621,3.388888888888889,45
6622,4.363636363636363,33
6623,3.75,166
6624,4.12037037037037,54
6625,4.2727272727272725,22
6626,4.257425742574258,101
6627,3.8867924528301887,106
6628,3.8703703703703702,27
6629,3.176470588235294,34
6630,3.4857142857142858,35
6631,4.302197802197802,91
6632,4.666666666666667,21
6633,4.108374384236453,203
6634,3.8275862068965516,29
6635,3.7282608695652173,46
6636,3.927710843373494,83
6637,3.871794871794872,78
6638,3.386440677966102,295
6639,4.209876543209877,81
6640,3.4482758620689653,58
6641,2.942857142857143,35
6642,3.723076923076923,65
6643,3.2758620689655173,29
6644,3.984848484848485,66
6645,3.6818181818181817,22
6646,3.6633663366336635,101
6647,4.115853658536586,82
6648,3.880952380952381,42
6649,2.6504065040650406,123
6650,4.041176470588235,85
6651,3.4642857142857144,140
6652,3.24,50
6653,3.52,75
6654,4.090909090909091,33
6655,3.1649484536082473,97
6656,3.368131868131868,182
6657,3.4832214765100673,149
6658,3.7542372881355934,59
6659,4.61340206185567,97
6660,3.486607142857143,112
6661,3.5815602836879434,141
6662,3.78125,32
6663,4.1521739130434785,46
6664,3.426470588235294,68
6665,3.7746478873239435,568
6666,2.8,85
6667,3.809226932668329,401
6668,3.5165289256198347,484
6669,3.8095238095238093,84
6670,3.48689138576779,267
6671,3.753846153846154,65
6672,2.543859649122807,57
6673,4.235294117647059,51
6674,4.281045751633987,153
6675,2.55,60
6676,3.94,25
6677,3.369098712446352,233
6678,3.8405797101449277,207
6679,4.323204419889502,362
6680,3.0113636363636362,132
6681,3.9215686274509802,51
6682,3.289156626506024,83
6683,4.080357142857143,56
6684,3.793357933579336,271
6685,3.78125,32
6686,3.734375,32
6687,2.4148936170212765,94
6688,3.6979591836734693,245
6689,3.328767123287671,73
6690,2.989247311827957,186
6691,4.181818181818182,22
6692,3.1904761904761907,21
6693,4.038461538461538,52
6694,2.6515151515151514,33
6695,4.037037037037037,27
6696,3.8181818181818183,22
6697,2.4166666666666665,282
6698,3.6315789473684212,38
6699,4.396825396825397,63
6700,3.656862745098039,102
6701,3.5555555555555554,27
6702,3.1956521739130435,69
6703,4.080110497237569,181
6704,3.2735042735042734,117
6705,3.8585365853658535,205
6706,3.68,25
6707,3.696261682242991,107
6708,3.5952380952380953,21
6709,3.860655737704918,61
6710,3.5,32
6711,3.716666666666667,60
6712,3.7209302325581395,43
6713,3.858695652173913,46
6714,3.7155172413793105,116
6715,3.409090909090909,44
6716,4.116666666666666,60
6717,3.22,25
6718,3.1372549019607843,51
6719,3.375,48
6720,3.9761904761904763,21
6721,4.26530612244898,49
6722,3.3333333333333335,63
6723,3.4342984409799553,449
6724,3.9176470588235293,85
6725,3.9166666666666665,24
6726,4.069444444444445,72
6727,2.99009900990099,101
6728,3.5714285714285716,112
6729,3.869140625,256
6730,2.9623655913978495,93
6731,3.673611111111111,216
6732,3.9056603773584904,53
6733,3.8798076923076925,208
6734,4.238095238095238,21
6735,3.746268656716418,201
6736,4.142857142857143,189
6737,3.642857142857143,28
6738,4.074074074074074,27
6739,4.193548387096774,62
6740,3.5161290322580645,124
6741,4.086956521739131,23
6742,3.5873015873015874,63
6743,3.940251572327044,159
6744,3.08,100
6745,3.792270531400966,207
6746,4.151006711409396,149
6747,2.8530259365994235,694
6748,3.842857142857143,35
6749,4.4,25
6750,3.767716535433071,127
6751,3.2703777335984094,503
6752,3.397129186602871,1881
6753,3.766025641025641,156
6754,4.191588785046729,107
6755,4.010869565217392,46
6756,3.4444444444444446,36
6757,4.2228260869565215,92
6758,4.0344827586206895,116
6759,2.99645390070922,423
6760,3.7837837837837838,37
6761,4.044776119402985,201
6762,3.824561403508772,114
6763,3.9113475177304964,141
6764,3.7114914425427874,409
6765,4.049645390070922,141
6766,4.03030303030303,33
6767,3.9318181818181817,22
6768,3.9696969696969697,198
6769,3.893617021276596,47
6770,3.8,45
6771,4.185393258426966,178
6772,4.158914728682171,129
6773,2.847374179431072,914
6774,4.027027027027027,37
6775,3.9126984126984126,63
6776,3.0416068866571018,697
6777,4.404109589041096,73
6778,4.38659793814433,97
6779,4.465665236051502,466
6780,4.0,29
6781,3.0048076923076925,208
6782,3.3225806451612905,31
6783,3.5,28
6784,3.7205882352941178,34
6785,3.829826732673267,808
6786,3.4285714285714284,49
6787,3.107142857142857,28
6788,4.1,20
6789,3.9555555555555557,45
6790,3.8191489361702127,47
6791,3.7,20
6792,3.761904761904762,21
6793,3.6268115942028984,138
6794,3.3548387096774195,31
6795,3.816326530612245,49
6796,3.603921568627451,510
6797,3.706967213114754,976
6798,2.7916666666666665,24
6799,4.178571428571429,28
6800,4.036585365853658,41
6801,3.8125,32
6802,4.05,20
6803,3.081967213114754,61
6804,3.960526315789474,38
6805,3.090909090909091,44
6806,3.0681818181818183,22
6807,3.0344287949921753,639
6808,3.652027027027027,148
6809,3.716666666666667,30
6810,3.2019867549668874,906
6811,4.113545816733068,251
6812,3.9786324786324787,468
6813,3.95,120
6814,3.56838905775076,329
6815,3.669421487603306,121
6816,3.8961661341853033,313
6817,3.772727272727273,44
6818,3.847826086956522,46
6819,4.201612903225806,124
6820,3.8666666666666667,30
6821,3.9285714285714284,28
6822,3.35989010989011,182
6823,3.55,20
6824,4.064516129032258,31
6825,3.818840579710145,138
6826,3.711618257261411,482
6827,3.5516666666666667,300
6828,3.738095238095238,84
6829,3.7241379310344827,145
6830,4.045454545454546,22
6831,3.74375,320
6832,3.3594771241830066,153
6833,4.586538461538462,312
6834,3.861111111111111,144
6835,4.2,20
6836,3.936252771618625,902
6837,4.619565217391305,46
6838,3.8333333333333335,48
6839,3.963636363636364,55
6840,3.869565217391304,184
6841,4.0625,32
6842,3.3947368421052633,38
6843,3.4827586206896552,29
6844,3.6,65
6845,3.8507462686567164,134
6846,3.875,44
6847,3.4565217391304346,92
6848,3.5384615384615383,52
6849,3.111111111111111,144
6850,3.9047619047619047,21
6851,4.012345679012346,81
6852,4.0,226
6853,3.689655172413793,29
6854,3.8484848484848486,132
6855,3.695859872611465,314
6856,3.6493506493506493,77
6857,3.7714285714285714,35
6858,3.3448275862068964,29
6859,4.739130434782608,138
6860,3.2869565217391306,115
6861,4.421052631578948,95
6862,3.632978723404255,470
6863,4.0,24
6864,3.5416666666666665,24
6865,2.5,20
6866,3.9347826086956523,46
6867,3.6646341463414633,164
6868,4.0,64
6869,3.7569444444444446,72
6870,3.8340425531914892,235
6871,4.205128205128205,78
6872,2.55,20
6873,3.815,200
6874,4.233333333333333,60
6875,4.114285714285714,35
6876,3.869517543859649,456
6877,3.45,40
6878,3.806451612903226,62
6879,3.900709219858156,141
6880,4.041666666666667,420
6881,3.4285714285714284,49
6882,4.839285714285714,28
6883,2.630434782608696,23
6884,3.751677852348993,149
6885,3.101113172541744,539
6886,3.4269230769230767,130
6887,2.909090909090909,22
6888,3.614678899082569,109
6889,3.749034749034749,259
6890,4.517241379310345,58
6891,4.1525423728813555,59
6892,3.36,100
6893,3.966666666666667,30
6894,3.4022988505747125,174
6895,3.6311475409836067,61
6896,3.3289473684210527,152
6897,3.10077519379845,129
6898,4.216981132075472,265
6899,4.075,20
6900,3.159090909090909,22
6901,3.8388429752066116,121
6902,3.2857142857142856,28
6903,3.902439024390244,41
6904,3.6901408450704225,71
6905,3.7533783783783785,148
6906,3.5,116
6907,3.357142857142857,70
6908,4.190972222222222,144
6909,3.3255813953488373,43
6910,4.635135135135135,37
6911,3.4644808743169397,366
6912,4.095238095238095,21
6913,4.08008658008658,231
6914,3.24,50
6915,3.7882136279926337,543
6916,3.4888758782201403,854
6917,3.391935483870968,620
6918,3.775925925925926,270
6919,4.078947368421052,38
6920,3.8046875,64
6921,3.4934210526315788,76
6922,4.325,40
6923,3.606060606060606,66
6924,2.3870967741935485,31
6925,3.5714285714285716,21
6926,4.3,30
6927,3.4615384615384617,26
6928,3.86,25
6929,4.358974358974359,39
6930,3.4216867469879517,83
6931,3.390151515151515,132
6932,3.4791666666666665,48
6933,2.91044776119403,67
6934,4.4411764705882355,51
6935,3.2954545454545454,66
6936,3.4796978281397544,1059
6937,3.691358024691358,81
6938,4.16,25
6939,3.395348837209302,86
6940,3.4066666666666667,150
6941,4.3,20
6942,3.748,125
6943,3.2857142857142856,21
6944,3.9,40
6945,4.096153846153846,52
6946,4.193548387096774,31
6947,3.625,20
6948,4.0,106
6949,3.341726618705036,139
6950,4.246835443037975,158
6951,3.6904761904761907,21
6952,3.462962962962963,27
6953,4.158536585365853,123
6954,4.024193548387097,186
6955,3.8947368421052633,38
6956,4.416666666666667,36
6957,3.793103448275862,29
6958,3.470479704797048,542
6959,3.260064412238325,621
6960,3.7719298245614037,57
6961,3.2259786476868326,281
6962,2.9472140762463344,1023
6963,3.446969696969697,792
6964,3.537388392857143,896
6965,3.5961538461538463,130
6966,4.037735849056604,53
6967,3.292682926829268,41
6968,3.6551724137931036,29
6969,4.031496062992126,127
6970,3.3132530120481927,166
6971,3.0,20
6972,3.445945945945946,37
6973,3.7222222222222223,54
6974,3.3448275862068964,29
6975,3.5606060606060606,33
6976,3.4291338582677167,127
6977,3.2333333333333334,60
6978,3.3278688524590163,122
6979,3.405940594059406,101
6980,3.7004950495049505,202
6981,3.102409638554217,166
6982,3.756048387096774,248
6983,3.0097690941385435,563
6984,4.018987341772152,158
6985,3.6129032258064515,31
6986,3.656862745098039,102
6987,4.12280701754386,57
6988,4.329931972789115,147
6989,3.0849056603773586,53
6990,3.5961538461538463,52
6991,3.36159169550173,578
6992,3.893939393939394,198
6993,4.4,30
6994,3.5,59
6995,4.154320987654321,162
6996,3.9130434782608696,276
6997,3.234042553191489,47
6998,3.6944444444444446,36
6999,3.6185185185185187,135
7000,3.4470108695652173,368
7001,5.0,58
7002,3.4161425576519915,477
7003,3.28125,48
7004,3.404255319148936,282
7005,4.1923076923076925,26
7006,3.6714801444043323,277
7007,3.6,260
7008,2.75,30
7009,2.9347826086956523,23
7010,3.803030303030303,66
7011,4.613953488372093,215
7012,3.7222222222222223,54
7013,3.738970588235294,136
7014,3.011661807580175,343
7015,3.661764705882353,136
7016,3.389589905362776,317
7017,3.6640625,192
7018,4.171296296296297,216
7019,3.522727272727273,22
7020,4.125,24
7021,4.2272727272727275,22
7022,3.832,125
7023,3.9427480916030535,131
7024,4.068965517241379,29
7025,3.5632183908045976,87
7026,3.5714285714285716,35
7027,3.707112970711297,239
7028,3.1426332288401255,319
7029,3.080263157894737,380
7030,3.7301587301587302,189
7031,4.354838709677419,31
7032,3.1621621621621623,37
7033,3.3333333333333335,42
7034,2.8076923076923075,39
7035,2.1179775280898876,89
7036,3.3823529411764706,1224
7037,3.311111111111111,45
7038,3.658273381294964,278
7039,4.174418604651163,215
7040,3.9516129032258065,31
7041,4.175531914893617,94
7042,3.98,50
7043,3.375,24
7044,3.4655172413793105,29
7045,4.106936416184971,173
